recno,Star,Teff,logg,[Fe/H],Age,e_Age,vsini,vmac,[S/Fe],e_[S/Fe],o_[S/Fe],Planet,Pop,S/N,SimbadName,_RA,_DE
362,"HD134113",5782.0,4.21,-0.74,13.097,0.219,1.387,3.682,0.296,0.048,"2","jup ","thick",611.32,"HD134113",226.94375,8.87978
630,"HD195633",6154.0,4.11,-0.51,7.27,0.54,2.728,5.033,0.111,0.049,"2","none","thin ",185.71,"HD195633",308.09997,6.51757
613,"HD209458",6118.0,4.37,0.03,1.884,1.317,3.7,4.377,0.021,0.031,"2","jup ","thin ",347.44,"HD209458",330.79489,18.88432
643,"HD225297",6181.0,4.4,-0.09,2.273,1.437,3.122,4.558,-0.072,0.032,"2","none","thin ",168.53,"HD225297",1.26097,-36.01512
67,"HD222335",5271.0,4.58,-0.2,5.15,4.383,0.596,2.263,0.026,0.082,"2","none","thin ",332.32,"HD222335",354.96378,-32.74341
80,"HD223282",5328.0,4.56,-0.41,7.65,4.634,1.381,2.327,0.141,0.076,"1-6757","none","thin ",237.99,"HD223282",357.08885,-27.8975
47,"HD283",5135.0,4.61,-0.55,8.418,4.303,0.39,2.198,0.116,0.126,"2","none","thin ",277.46,"HD283",1.88559,-23.81872
127,"HD224619",5436.0,4.44,-0.2,9.546,3.467,0.72,2.648,0.057,0.059,"2","none","thin ",447.96,"HD224619",359.86847,-20.03471
194,"HD4208",5599.0,4.44,-0.28,10.499,2.396,0.71,2.859,0.088,0.046,"2","jup ","thin ",322.97,"HD4208",11.11104,-26.51568
398,"HD4021",5831.0,4.66,0.02,1.53,1.461,5.529,2.902,-0.101,0.051,"2","none","thin ",134.83,"HD4021",10.65023,-16.70322
213,"HD1979",5626.0,4.52,-0.09,3.822,3.202,0.622,2.744,-0.001,0.032,"2","none","thin ",209.64,"HD1979",5.98527,-14.34645
381,"HD4307",5812.0,4.05,-0.23,7.78,0.226,0.774,4.074,0.008,0.027,"2","none","thin ",1017.99,"HD4307",11.36953,-12.88081
34,"HD3569",5093.0,4.56,-0.34,7.614,4.728,0.331,2.312,0.133,0.098,"2","none","thin ",227.55,"HD3569",9.6385,-12.17242
520,"HD217958",5970.0,4.36,0.28,2.67,1.254,3.225,3.894,0.117,0.049,"2","none","thin ",61.0,"HD217958",346.13696,-25.69111
143,"HD222422",5475.0,4.5,-0.12,4.261,3.677,1.538,2.569,-0.068,0.043,"2","none","thin ",415.93,"HD222422",355.15772,-18.98889
677,"HD215625",6282.0,4.39,0.1,0.925,0.703,2.762,4.997,-0.015,0.032,"2","none","thin ",154.44,"HD215625",341.70939,-20.79056
512,"HD218504",5962.0,4.25,-0.55,11.516,0.999,1.39,4.09,0.14,0.038,"2","none","thin ",556.48,"HD218504",347.17879,-18.75195
471,"HD361",5913.0,4.53,-0.12,1.721,1.544,2.305,3.384,-0.025,0.03,"2","none","thin ",662.69,"HD361",2.06817,-14.82449
233,"HD223315",5650.0,4.43,0.3,2.276,1.948,2.558,2.966,-0.039,0.035,"2","none","thin ",78.0,"HD223315",357.15386,-15.21063
454,"HD224817",5894.0,4.29,-0.53,12.197,0.797,1.378,3.81,0.114,0.042,"2","none","thick",559.84,"HD224817",0.24283,-11.82374
631,"HD224578",6158.0,4.53,-0.01,0.791,0.675,2.571,4.208,0.035,0.031,"2","none","thin ",74.74,"HD224578",359.76207,-11.9383
506,"HD1388",5954.0,4.32,-0.01,4.643,1.7,2.568,3.925,-0.044,0.021,"2","none","thin ",794.02,"HD1388",4.49529,-13.45564
186,"HD967",5568.0,4.54,-0.68,13.017,0.312,1.366,2.61,0.307,0.052,"2","none","thick",421.92,"HD967",3.51866,-11.31158
340,"HD1461",5765.0,4.34,0.19,3.73,2.203,1.851,3.382,-0.05,0.024,"2","nept","thin ",1789.17,"HD1461",4.67445,-8.053
359,"HD222582",5779.0,4.33,-0.01,7.461,1.979,1.863,3.435,-0.006,0.027,"2","jup ","thin ",928.31,"HD222582",355.46471,-5.98576
603,"HD224347",6092.0,4.15,-0.42,8.128,0.833,2.685,4.722,0.11,0.033,"2","none","thin ",308.26,"HD224347",359.29236,-5.45999
474,"HD208",5914.0,4.39,-0.31,8.08,2.252,1.838,3.667,0.111,0.035,"2","none","thin ",465.62,"HD208",1.7245,-3.62626
307,"HD8406",5726.0,4.47,-0.1,3.437,2.813,0.698,3.036,-0.019,0.03,"2","none","thin ",388.49,"HD8406",20.75364,-16.48746
72,"HD10700",5310.0,4.52,-0.52,11.493,1.644,0.518,2.398,0.179,0.136,"2","none","thick",2034.77,"HD10700",26.01701,-15.93748
565,"HD9782",6023.0,4.32,0.09,2.486,1.518,1.543,4.144,0.01,0.021,"2","none","thin ",386.32,"HD9782",23.85962,-13.38103
70,"HD8389A",5283.0,4.45,0.34,4.986,4.289,0.849,2.527,0.144,0.092,"2","none","hamr ",276.57,"HD8389A",20.76099,-12.96607
81,"HD11964A",5332.0,3.97,0.08,7.774,0.292,0.501,3.509,-0.016,0.039,"2","jup ","thin ",1387.2,"HD11964A",29.29003,-10.24243
604,"HD11226",6098.0,4.23,0.04,4.114,0.816,1.037,4.584,0.017,0.018,"2","none","thin ",672.53,"HD11226",27.56437,-6.70409
495,"HD7134",5940.0,4.33,-0.29,8.982,1.54,1.372,3.863,0.0,0.03,"2","none","thin ",585.44,"HD7134",17.88367,-12.84308
303,"HD6718",5723.0,4.41,-0.07,5.554,3.21,1.843,3.15,0.079,0.025,"2","jup ","thin ",306.7,"HD6718",16.95276,-8.2337
566,"HD7449",6024.0,4.41,-0.11,2.138,1.665,3.083,3.968,-0.051,0.028,"2","jup ","thin ",847.27,"HD7449",18.62218,-5.04739
269,"HD8930",5687.0,4.5,-0.23,4.418,3.555,2.307,2.897,0.044,0.05,"2","none","thin ",68.29,"HD8930",21.98152,-1.99149
377,"HD16141",5806.0,4.14,0.16,6.184,1.158,1.515,3.879,-0.089,0.023,"2","jup ","thin ",310.4,"HD16141",38.83304,-3.5606
554,"HD17548",6011.0,4.34,-0.53,10.282,1.654,1.821,4.065,0.17,0.039,"2","none","thin ",252.61,"HD17548",42.21606,-1.50966
121,"HD14374",5425.0,4.53,-0.04,4.289,3.762,2.051,2.458,0.061,0.044,"2","none","thin ",470.1,"HD14374",34.81682,-0.77984
326,"HD11505",5752.0,4.35,-0.22,11.587,1.269,1.545,3.333,0.142,0.025,"2","none","thick",462.75,"HD11505",28.27583,-1.32694
242,"HD4915",5658.0,4.51,-0.21,4.681,3.589,1.844,2.821,-0.016,0.045,"2","none","thin ",780.3,"HD4915",12.7952,-5.03928
573,"HD2567",6038.0,4.33,0.22,2.346,1.116,2.537,4.174,-0.053,0.023,"2","none","thin ",239.91,"HD2567",7.31713,-5.91049
52,"HD2638",5169.0,4.51,0.12,5.637,4.686,0.671,2.393,0.074,0.111,"2","jup ","thin ",325.95,"HD2638",7.49947,-5.764
312,"HD3964",5729.0,4.47,0.05,2.501,2.175,1.537,3.043,0.113,0.027,"2","none","thin ",144.24,"HD3964",10.54074,-3.05638
30,"HD6348",5080.0,4.6,-0.59,9.782,3.223,0.344,2.238,0.406,0.086,"2","none","thin ",217.86,"HD6348",16.1103,-2.36659
112,"HD8828",5403.0,4.51,-0.16,7.331,4.496,0.613,2.478,-0.008,0.077,"2","none","thin ",356.49,"HD8828",21.75645,-0.15758
711,"HD3229",6583.0,3.82,-0.09,1.844,0.074,4.357,5.5,-0.081,0.035,"2","none","thin ",155.68,"HD3229",8.88681,-0.50561
7,"HD211038",4974.0,3.84,-0.27,10.514,1.685,2.295,2.0,0.197,0.08,"2","none","thick",1085.26,"HD211038",333.65925,-15.81853
210,"HD216777",5623.0,4.51,-0.38,9.729,3.05,1.541,2.759,0.034,0.056,"2","none","thin ",435.67,"HD216777",343.95824,-7.82261
154,"HD210277",5505.0,4.33,0.18,8.929,2.671,1.538,2.944,0.059,0.039,"2","jup ","hamr ",1097.46,"HD210277",332.37444,-7.54866
502,"HD210752",5951.0,4.45,-0.58,,,0.775,3.656,0.154,0.044,"2","none","thin ",318.68,"HD210752",333.18141,-6.46892
255,"HD213575",5671.0,4.17,-0.15,11.036,0.549,0.808,3.525,0.121,0.027,"2","none","hamr ",556.16,"HD213575",338.14192,-6.46718
611,"HD221356",6112.0,4.41,-0.2,2.783,1.958,2.765,4.275,-0.067,0.046,"2","none","thin ",853.02,"HD221356",352.88126,-4.0874
193,"HD224063",5591.0,4.28,0.14,9.331,1.983,1.861,3.166,0.029,0.038,"2","none","hamr ",174.12,"HD224063",358.72098,-0.28598
437,"HD221146",5876.0,4.2,0.08,6.358,1.134,2.568,3.94,-0.03,0.033,"2","none","thin ",571.32,"HD221146",352.37632,-1.0359
33,"HD220256",5090.0,4.45,-0.14,8.786,4.293,0.391,2.533,0.072,0.104,"2","none","hamr ",249.8,"HD220256",350.59909,-0.41487
518,"HD217786",5966.0,4.26,-0.14,7.375,1.051,1.852,4.082,0.116,0.025,"2","jup ","thin ",165.52,"HD217786",345.7842,-0.42963
534,"HD208672",5986.0,4.52,0.13,0.85,0.729,2.602,3.624,-0.083,0.034,"2","none","thin ",67.92,"HD208672",329.50458,-5.20419
198,"HD206172",5608.0,4.49,-0.24,6.321,4.064,0.66,2.773,0.028,0.039,"2","none","thin ",280.98,"HD206172",325.11566,-2.01758
192,"HD203384",5586.0,4.41,0.26,3.38,2.755,1.979,2.898,0.005,0.041,"2","none","thin ",372.06,"HD203384",320.47367,-4.1743
241,"HD202605",5658.0,4.48,0.18,1.74,1.639,2.35,2.881,0.021,0.034,"2","none","thin ",291.49,"HD202605",319.25888,-1.07743
579,"HD215257",6052.0,4.35,-0.63,10.988,1.26,1.841,4.182,0.115,0.046,"2","none","thin ",976.52,"HD215257",340.96133,3.88684
593,"HD223854",6080.0,3.96,-0.54,6.133,0.199,3.677,5.06,0.072,0.039,"2","none","thin ",253.96,"HD223854",358.27872,2.33111
299,"HD40865",5719.0,4.47,-0.38,10.575,2.202,1.371,3.022,-0.136,0.076,"2","none","thin ",566.16,"HD40865",89.98247,-37.05672
126,"HD45364",5434.0,4.43,-0.17,8.618,4.019,0.611,2.666,0.064,0.046,"2","jup ","thin ",1104.12,"HD45364",96.41031,-31.48095
133,"HD43197",5449.0,4.34,0.36,6.521,3.515,1.536,2.861,0.001,0.058,"2","jup ","thin ",333.48,"HD43197",93.39859,-29.89726
432,"HD45184",5869.0,4.41,0.04,2.528,1.985,2.092,3.501,-0.025,0.023,"2","nept","thin ",1487.75,"HD45184",96.18283,-28.78012
297,"HD37962",5718.0,4.45,-0.2,4.16,3.234,1.85,3.059,-0.001,0.048,"2","none","thin ",364.23,"HD37962",85.21652,-31.35111
609,"HD38772",6106.0,4.25,-0.23,6.346,0.997,2.531,4.573,0.011,0.032,"2","none","thin ",109.04,"HD38772",86.71927,-28.89022
475,"HD38510",5914.0,4.24,-0.81,12.883,0.455,2.102,3.967,0.251,0.069,"2","none","thick",191.25,"HD38510",86.29027,-26.99179
175,"HD38265",5549.0,4.45,-0.14,8.438,3.682,1.54,2.763,0.083,0.031,"2","none","thin ",170.61,"HD38265",85.86896,-25.62209
257,"HD47186",5675.0,4.35,0.23,3.966,2.51,1.953,3.173,-0.002,0.034,"2","jup ","thin ",1344.05,"HD47186",99.03662,-27.6223
479,"HD36108",5916.0,4.25,-0.21,8.89,1.044,0.733,3.953,0.013,0.028,"2","none","thin ",497.52,"HD36108",82.08762,-22.43392
597,"HD38382",6082.0,4.33,0.03,2.367,1.422,2.06,4.327,-0.042,0.021,"2","none","thin ",290.11,"HD38382",86.11831,-20.12657
500,"HD37548",5950.0,4.18,-0.04,6.581,0.879,1.841,4.193,0.004,0.032,"2","none","thin ",109.03,"HD37548",84.65778,-16.91929
156,"HD37986",5507.0,4.32,0.26,6.152,3.597,1.621,2.967,0.059,0.053,"2","none","thin ",418.28,"HD37986",85.47369,-15.63054
457,"HD31527",5898.0,4.38,-0.17,6.671,2.115,2.055,3.641,0.011,0.027,"2","nept","thin ",435.72,"HD31527",73.90993,-23.24188
700,"HD33081",6399.0,4.32,-0.16,3.224,0.781,7.006,5.673,0.186,0.072,"2","none","thin ",111.53,"HD33081",76.78612,-17.29992
42,"HD34688",5104.0,4.47,-0.22,8.455,4.556,0.34,2.488,0.127,0.07,"2","none","thin ",212.31,"HD34688",79.67831,-14.01846
341,"HD44219",5766.0,4.16,0.04,8.436,0.913,1.524,3.745,0.038,0.022,"2","jup ","thin ",407.62,"HD44219",95.05968,-10.72501
435,"HD38277",5871.0,4.28,-0.07,7.967,1.217,1.366,3.767,0.013,0.024,"2","none","thin ",468.16,"HD38277",86.07332,-10.01673
570,"HD36379",6030.0,4.2,-0.17,6.869,0.823,2.058,4.408,0.036,0.025,"2","none","thin ",913.76,"HD36379",82.74975,-10.08108
168,"HD40397",5527.0,4.41,-0.13,10.557,2.325,0.665,2.813,0.084,0.037,"2","none","hamr ",429.94,"HD40397",89.58973,-4.65067
314,"HD38858",5733.0,4.48,-0.22,5.611,3.583,1.377,3.031,0.046,0.035,"2","jup ","thin ",1154.24,"HD38858",87.14558,-4.09464
302,"HD59711A",5722.0,4.43,-0.12,6.016,3.347,1.842,3.108,0.024,0.03,"2","none","thin ",271.52,"HD59711",112.66672,-15.99458
315,"HD56274",5734.0,4.48,-0.54,10.29,2.55,2.055,3.034,0.022,0.057,"2","none","thin ",611.4,"HD56274",108.96165,-13.04948
396,"HD62128",5828.0,4.17,0.33,4.478,0.916,2.561,3.874,-0.069,0.031,"2","none","thin ",418.23,"HD62128",115.50824,-11.85269
513,"HD59984",5962.0,4.09,-0.69,9.522,0.352,1.821,4.41,0.102,0.044,"2","none","thin ",1774.18,"HD59984",113.02401,-8.88133
291,"HD61383",5716.0,4.17,-0.49,12.071,0.371,1.382,3.615,0.169,0.035,"2","none","thick",491.21,"HD61383",114.71392,-5.46554
691,"HD68287",6318.0,4.42,0.06,0.731,0.596,5.013,5.096,-0.053,0.043,"2","none","thin ",140.94,"HD68287",122.8902,-6.01578
568,"HD71479",6026.0,4.32,0.24,2.177,1.12,2.047,4.154,-0.043,0.019,"2","none","thin ",771.05,"HD71479",126.89636,-5.14864
335,"HD69611",5762.0,4.27,-0.58,13.046,0.281,1.389,3.516,0.298,0.043,"2","none","thick",260.23,"HD69611",124.37228,-3.98962
485,"HD72659",5926.0,4.16,-0.02,6.767,0.875,1.542,4.162,-0.023,0.021,"2","jup ","thin ",331.26,"HD72659",128.51329,-1.56822
280,"HD66428",5705.0,4.29,0.25,4.642,2.285,1.849,3.353,0.004,0.035,"2","jup ","thin ",106.94,"HD66428",120.86945,-1.16271
489,"HD68284",5933.0,4.0,-0.5,5.67,0.149,2.741,4.502,0.019,0.05,"2","none","thin ",371.61,"HD68284",122.95661,4.27454
618,"HD52265",6136.0,4.23,0.21,2.087,0.895,3.912,4.724,-0.005,0.027,"2","jup ","thin ",290.23,"HD52265",105.07515,-5.36716
417,"HD51754",5848.0,4.43,-0.55,12.337,0.925,1.384,3.406,0.121,0.047,"2","none","thick",462.19,"HD51754",104.66058,-0.48047
385,"HD44420",5818.0,4.32,0.29,2.87,1.726,1.535,3.549,-0.006,0.028,"2","none","thin ",521.52,"HD44420",95.4314,-0.53913
712,"HD28807",6602.0,4.34,0.06,1.074,0.591,4.158,5.5,-0.07,0.052,"2","none","thin ",86.08,"HD28807",67.98745,-12.63264
251,"HD28185",5667.0,4.41,0.21,3.6,2.572,2.054,3.038,0.001,0.034,"2","jup ","thin ",585.84,"HD28185",66.60968,-10.55082
384,"HD32724",5818.0,4.21,-0.17,9.566,0.724,1.381,3.769,-0.008,0.026,"2","none","thin ",487.92,"HD32724",76.19818,-11.69903
68,"HD33725",5274.0,4.5,-0.17,6.548,4.723,0.574,2.424,-0.003,0.077,"2","none","thin ",333.6,"HD33725",77.97604,-9.11316
576,"HD31822",6042.0,4.46,-0.19,2.257,1.794,3.085,3.928,-0.022,0.03,"2","none","thin ",424.55,"HD31822",74.64903,-9.3343
36,"HD26965A",5098.0,4.48,-0.36,10.875,2.242,0.369,2.47,0.107,0.198,"2","none","thick",2016.59,"HD26965",63.818,-7.65287
667,"HD28969",6255.0,4.5,-0.01,0.986,0.843,4.838,4.661,-0.081,0.053,"2","none","thin ",112.71,"HD28969",68.37025,-7.83861
243,"HD28821",5660.0,4.37,-0.12,10.25,2.119,0.763,3.105,0.03,0.027,"2","none","thin ",491.5,"HD28821",68.08947,-5.039
557,"HD26887",6016.0,4.36,-0.35,7.991,1.713,2.612,4.041,0.041,0.039,"2","none","thin ",119.87,"HD26887",63.71678,-5.39649
155,"HD290327",5505.0,4.44,-0.14,8.941,3.633,0.671,2.724,0.107,0.036,"2","jup ","thin ",231.37,"HD290327",80.83985,-2.27762
44,"HD25673",5116.0,4.57,-0.51,7.638,4.748,0.365,2.284,0.135,0.204,"2","none","thin ",280.02,"HD25673",61.08459,-4.65514
488,"HD21977",5930.0,4.37,0.1,2.072,1.633,2.306,3.753,-0.012,0.032,"2","none","thin ",109.89,"HD21977",53.10795,-4.36109
443,"HD22879",5884.0,4.45,-0.82,12.702,0.58,1.37,3.462,0.306,0.083,"2","none","thick",934.03,"HD22879",55.09194,-3.21698
503,"HD23030",5951.0,4.29,0.2,4.273,0.911,3.081,3.976,0.035,0.039,"2","none","thin ",61.0,"HD23030",55.42269,-2.8475
343,"HD27063",5767.0,4.4,0.05,2.178,1.911,2.049,3.267,-0.037,0.026,"2","none","thin ",1013.06,"HD27063",64.12601,-0.5728
69,"HD24633",5276.0,4.45,-0.04,7.565,4.778,1.843,2.525,0.005,0.09,"2","none","hamr ",356.84,"HD24633",58.74206,-1.26325
277,"HD20619",5703.0,4.49,-0.22,4.6,3.466,1.842,2.949,0.046,0.032,"2","none","thin ",697.33,"HD20619",49.75789,-2.84319
682,"HD19994",6289.0,4.28,0.24,2.189,0.35,8.326,5.247,-0.033,0.041,"2","jup ","thin ",2001.86,"HD19994",48.19349,-1.1961
217,"HD108768",5633.0,4.45,0.14,2.324,2.135,1.54,2.896,-0.014,0.036,"2","none","thin ",137.08,"HD108768",187.48118,-26.42055
147,"HD100289",5483.0,4.45,0.03,6.004,4.183,1.035,2.678,0.085,0.046,"2","none","thin ",153.31,"HD100289",173.06016,-31.38292
180,"HD102438",5560.0,4.42,-0.29,9.935,2.974,1.382,2.839,0.033,0.051,"2","none","thin ",1308.12,"HD102438",176.81587,-30.28651
676,"HD101612",6281.0,4.22,-0.36,4.694,1.272,1.382,5.332,0.108,0.041,"2","none","thin ",111.37,"HD101612",175.34366,-26.66719
271,"HD104982",5692.0,4.42,-0.19,8.023,3.254,1.541,3.066,-0.02,0.038,"2","none","thin ",409.43,"HD104982",181.30587,-28.71723
536,"HD102300",5987.0,4.14,-0.31,8.323,0.724,2.616,4.388,0.095,0.037,"2","none","thin ",112.22,"HD102300",176.61475,-24.97624
717,"CD-2310879",6788.0,4.26,-0.24,0.426,0.298,5.388,5.5,-0.063,0.028,"2","none","thin ",421.16,"CD-2310879",195.86471,-24.42003
481,"HD109310",5922.0,4.47,-0.51,10.105,2.085,2.089,3.53,0.092,0.043,"2","none","thin ",434.18,"HD109310",188.45443,-23.51575
179,"HD115617",5558.0,4.37,-0.02,7.309,3.775,1.527,2.936,-0.09,0.04,"2","nept","thin ",2000.73,"HD115617",199.60131,-18.3112
275,"HD116259",5700.0,4.19,0.11,8.742,1.078,1.542,3.542,-0.008,0.022,"2","none","hamr ",174.99,"HD116259",200.68169,-18.0309
374,"HD111031",5801.0,4.34,0.27,4.075,1.629,1.536,3.467,-0.051,0.03,"2","jup ","thin ",987.84,"HD111031",191.62851,-11.81244
113,"HD97343",5410.0,4.44,-0.06,8.845,3.907,0.886,2.624,0.028,0.039,"2","none","hamr ",431.12,"HD97343",168.00496,-26.13667
266,"HD97783",5682.0,4.48,-0.73,13.096,0.222,1.388,2.927,0.356,0.064,"2","none","thick",227.5,"HD97783",168.70805,-23.64665
190,"HD94151",5583.0,4.39,0.04,5.541,3.611,1.843,2.933,0.008,0.027,"2","none","thin ",390.12,"HD94151",162.91346,-22.07183
594,"HD96276",6080.0,4.37,-0.02,2.713,1.61,2.61,4.24,-0.024,0.03,"2","none","thin ",125.27,"HD96276",166.46139,-20.40908
636,"HD91379",6164.0,4.27,-0.29,5.119,1.649,3.615,4.751,0.027,0.042,"2","none","thin ",107.49,"HD91379",158.18522,-19.20175
501,"HD93932",5950.0,4.22,0.05,5.682,1.071,1.877,4.113,0.013,0.029,"2","none","thin ",149.57,"HD93932",162.6063,-15.10419
371,"HD105779",5792.0,4.47,-0.25,6.182,3.387,2.017,3.185,0.056,0.035,"2","none","thin ",205.34,"HD105779",182.66227,-16.95629
364,"HD109271",5783.0,4.24,0.1,7.197,1.369,0.645,3.624,-0.083,0.023,"2","nept","thin ",339.95,"HD109271",188.39814,-11.62187
77,"HD98356",5322.0,4.48,0.1,4.13,3.788,0.746,2.484,0.066,0.059,"2","none","thin ",243.31,"HD98356",169.66541,-10.12621
260,"HD101644",5678.0,4.56,-0.56,9.429,3.355,1.843,2.759,0.258,0.046,"2","none","thin ",188.79,"HD101644",175.43771,-6.68452
589,"HD103891",6072.0,3.93,-0.19,3.679,0.284,2.763,5.091,0.049,0.021,"2","none","thin ",430.9,"HD103891",179.43876,-8.54871
262,"HD106116",5680.0,4.37,0.14,5.58,2.604,1.85,3.143,-0.058,0.026,"2","none","thin ",928.14,"HD106116",183.12018,-3.08447
313,"HD101339",5731.0,4.45,-0.1,5.043,3.27,1.385,3.087,0.018,0.033,"2","none","thin ",193.49,"HD101339",174.91582,-4.98447
203,"HD101367",5615.0,4.38,0.29,5.183,2.576,2.255,3.005,-0.037,0.035,"2","none","thin ",84.46,"HD101367",174.9831,-4.96082
144,"HD104263",5477.0,4.37,0.02,9.192,3.287,0.773,2.831,0.06,0.038,"2","none","hamr ",776.89,"HD104263",180.1144,-4.54881
4,"HD103720",4949.0,4.56,-0.01,5.951,4.713,2.37,2.0,-0.01,0.139,"2","jup ","thin ",227.24,"HD103720",179.17161,-2.77895
588,"HD119638",6069.0,4.31,-0.15,4.881,1.48,1.383,4.321,0.032,0.022,"2","none","thin ",1163.5,"HD119638",206.18584,-14.22518
494,"HD116410",5939.0,4.35,0.23,1.234,1.05,3.1,3.82,-0.085,0.03,"2","none","thin ",153.88,"HD116410",200.92174,-15.11802
290,"HD122474",5716.0,4.34,0.13,5.495,2.519,1.537,3.275,0.014,0.032,"2","none","thin ",90.57,"HD122474",210.58356,-12.03712
279,"HD115902",5705.0,4.37,-0.01,7.159,2.86,2.055,3.193,-0.041,0.039,"2","none","thin ",98.76,"HD115902",200.09193,-9.05972
585,"HD115341",6058.0,4.44,-0.01,1.583,1.297,2.765,4.023,0.005,0.028,"2","none","thin ",98.02,"HD115341",199.16696,-5.5735
263,"HD125184",5680.0,4.08,0.27,6.375,1.245,2.014,3.723,-0.075,0.044,"2","none","thin ",269.44,"HD125184",214.50303,-7.54239
35,"HD125455",5095.0,4.53,-0.21,7.375,4.781,0.385,2.371,-0.026,0.099,"2","none","thin ",398.41,"HD125455",214.89526,-5.15119
83,"HD123265",5338.0,4.36,0.19,7.036,4.458,0.752,2.733,0.033,0.063,"2","none","hamr ",354.26,"HD123265",211.672,-5.51834
130,"HD124292",5443.0,4.41,-0.13,8.486,4.019,0.631,2.715,0.027,0.047,"2","none","thin ",975.63,"HD124292",213.18849,-3.32008
94,"HD130322",5365.0,4.43,-0.02,5.725,4.399,1.054,2.61,-0.133,0.052,"2","jup ","thin ",347.6,"HD130322",221.88636,-0.28147
436,"HD129229",5872.0,3.83,-0.42,3.808,0.22,2.101,4.669,0.041,0.039,"2","none","thin ",225.19,"HD129229",220.32837,3.44877
705,"HD112283",6433.0,4.58,-0.13,1.065,0.892,5.807,5.319,0.051,0.061,"2","none","thin ",115.29,"HD112283",193.92049,-3.55066
27,"HD114783",5060.0,4.51,0.03,6.005,4.882,0.499,2.428,0.054,0.128,"2","jup ","hamr ",841.49,"HD114783",198.18244,-2.26504
376,"HD107148",5805.0,4.35,0.31,2.268,1.667,1.54,3.457,-0.053,0.031,"2","jup ","thin ",110.11,"HD107148",184.80621,-3.31979
447,"HD109098",5888.0,4.07,0.06,5.494,0.771,2.779,4.233,-0.006,0.021,"2","none","thin ",166.08,"HD109098",188.01854,-1.77236
106,"HD111515",5398.0,4.52,-0.61,12.256,1.062,1.028,2.454,0.305,0.11,"2","none","thick",270.06,"HD111515",192.43679,1.18804
487,"HD90936",5928.0,4.4,0.03,2.292,1.818,2.304,3.687,0.017,0.03,"2","none","thin ",134.12,"HD90936",157.38929,-18.24389
284,"HD90722",5711.0,4.26,0.31,5.806,1.405,2.472,3.425,0.019,0.041,"2","none","thin ",115.57,"HD90722",157.05803,-16.28916
389,"HD92719",5824.0,4.46,-0.1,2.741,2.281,2.302,3.284,-0.077,0.031,"2","none","thin ",829.62,"HD92719",160.5555,-13.78771
560,"HD92547",6020.0,4.35,-0.37,8.264,1.699,2.095,4.074,0.101,0.038,"2","none","thin ",125.49,"HD92547",160.23352,-13.12953
469,"HD90081",5912.0,4.27,-0.2,8.492,1.513,1.591,3.901,0.009,0.036,"2","none","thin ",89.51,"HD90081",155.89428,-12.48664
310,"HD89454",5728.0,4.44,0.12,1.812,1.648,2.569,3.101,-0.079,0.027,"2","none","thin ",1159.32,"HD89454",154.81784,-11.37851
108,"HD86171",5400.0,4.52,-0.25,6.183,4.523,0.62,2.456,0.02,0.061,"2","none","thin ",414.46,"HD86171",149.16016,-8.83456
615,"HD87838",6118.0,4.34,-0.4,7.323,1.376,2.568,4.437,0.112,0.033,"2","none","thin ",585.95,"HD87838",151.89087,-6.4392
131,"HD90711",5444.0,4.44,0.24,4.464,3.654,1.498,2.656,0.056,0.054,"2","none","thin ",553.19,"HD90711",157.05062,-6.60058
442,"HD97037",5883.0,4.27,-0.07,7.646,1.302,1.543,3.819,-0.073,0.024,"2","none","thin ",299.03,"HD97037",167.5556,-7.3894
173,"HD100777",5536.0,4.35,0.25,5.739,3.274,0.843,2.945,-0.026,0.037,"2","jup ","thin ",357.4,"HD100777",173.96468,-4.75569
100,"HD98281",5381.0,4.48,-0.26,8.574,4.299,0.608,2.521,-0.011,0.051,"2","none","thin ",1315.66,"HD98281",169.59171,-5.0673
321,"HD92788",5744.0,4.36,0.27,3.379,2.122,2.013,3.295,-0.048,0.033,"2","jup ","thin ",789.87,"HD92788",160.7022,-2.18376
684,"HD95922",6293.0,4.43,-0.06,0.784,0.651,3.224,4.965,-0.034,0.032,"2","none","thin ",103.58,"HD95922",166.00612,-0.03102
43,"HD92588",5105.0,3.73,-0.02,4.424,0.496,2.042,2.5,0.023,0.048,"2","none","hamr ",1837.27,"HD92588",160.35077,-1.74149
237,"HD88725",5654.0,4.48,-0.64,12.736,0.597,1.376,2.874,0.245,0.05,"2","none","thick",857.18,"HD88725",153.53473,3.1513
273,"HD104800",5697.0,4.45,-0.79,13.178,0.053,1.813,3.016,0.315,0.089,"2","none","thick",235.46,"HD104800",181.02318,3.34075
540,"HD109684",5992.0,4.29,-0.34,9.041,1.099,1.837,4.103,0.088,0.03,"2","none","thin ",239.4,"HD109684",189.11851,10.72984
207,"HD166745",5621.0,4.31,0.25,7.486,1.927,1.845,3.155,-0.037,0.047,"2","none","thin ",115.99,"HD166745",273.38846,-33.49906
205,"HD161612",5616.0,4.45,0.16,2.624,2.341,0.641,2.867,-0.068,0.034,"2","none","thin ",663.69,"HD161612",266.98979,-34.01888
694,"HD169830",6361.0,3.98,0.18,2.239,0.2,0.743,6.173,-0.081,0.025,"2","jup ","thin ",1767.74,"HD169830",276.95619,-29.81686
689,"HD160089",6312.0,4.57,0.11,0.745,0.616,6.26,4.769,0.106,0.051,"2","none","thin ",95.57,"HD160089",264.77484,-26.93756
86,"HD162236",5343.0,4.5,-0.12,5.654,4.435,1.54,2.455,0.026,0.062,"2","none","thin ",492.38,"HD162236",267.78055,-27.39637
87,"HD167359",5348.0,4.53,-0.19,6.437,4.576,0.756,2.399,-0.149,0.129,"1-6743","none","thin ",242.9,"HD167359",273.95446,-23.81595
85,"HD165920",5339.0,4.46,0.29,5.388,4.27,0.748,2.533,0.007,0.079,"2","none","thin ",351.68,"HD165920",272.32366,-22.90844
433,"HD165131",5870.0,4.39,0.06,2.668,1.985,2.302,3.544,0.065,0.022,"2","none","thin ",196.02,"HD165131",271.34469,-21.67317
238,"HD171665",5655.0,4.4,-0.05,5.14,3.494,1.843,3.036,-0.022,0.03,"2","none","thin ",408.03,"HD171665",279.3035,-25.67127
673,"HD173885",6264.0,4.18,-0.2,4.144,0.7,3.774,5.339,0.013,0.032,"2","none","thin ",227.36,"HD173885",282.04918,-14.70834
490,"HD156991",5934.0,4.49,-0.07,1.591,1.47,3.459,3.525,0.098,0.04,"2","none","thin ",96.24,"HD156991",260.38172,-22.92593
451,"HD156079",5892.0,4.17,0.28,4.195,0.787,1.532,4.044,-0.034,0.022,"2","none","thin ",279.39,"HD156079",259.09956,-21.85795
135,"HD157172",5451.0,4.43,0.11,5.849,4.079,0.917,2.683,-0.036,0.044,"2","jup ","thin ",723.13,"HD157172",260.64402,-19.61618
136,"HD151504",5457.0,4.4,0.06,8.186,3.885,0.765,2.749,0.013,0.041,"2","none","thin ",510.99,"HD151504",252.13432,-19.28777
543,"HD153276",6000.0,4.38,0.04,3.86,1.695,2.764,3.949,0.024,0.043,"2","none","thin ",102.99,"HD153276",254.74167,-15.812
185,"HD168746",5568.0,4.34,-0.1,11.458,1.59,0.894,3.01,0.004,0.042,"2","jup ","hamr ",211.02,"HD168746",275.45743,-11.92268
142,"HD167677",5474.0,4.47,-0.29,11.525,1.686,0.663,2.628,0.349,0.032,"2","jup ","thick",212.18,"HD167677",274.20646,-11.40586
115,"HD171587",5412.0,4.64,-0.64,8.798,4.225,1.541,2.226,0.225,0.071,"1-6757","none","thin ",492.28,"HD171587",279.03841,-10.89071
420,"HD161555",5850.0,4.09,0.12,5.003,0.723,2.559,4.091,0.039,0.029,"2","none","thin ",131.84,"HD161555",266.6325,-7.98566
181,"HD161098",5560.0,4.47,-0.27,8.335,3.912,0.664,2.739,-0.026,0.05,"2","none","thin ",415.81,"HD161098",265.93438,-3.91787
706,"HD163102",6433.0,4.38,0.0,1.175,0.827,6.163,5.719,-0.022,0.057,"2","none","thin ",122.0,"HD163102",268.62429,-3.46246
425,"HD177758",5862.0,4.35,-0.58,12.655,0.667,1.802,3.603,0.257,0.044,"2","none","thick",282.7,"HD177758",286.6055,-11.89741
556,"HD180409",6013.0,4.42,-0.17,4.073,2.101,2.305,3.911,-0.026,0.029,"2","none","thin ",243.2,"HD180409",289.21756,-10.97178
375,"HD183658",5803.0,4.35,0.03,4.651,2.509,0.864,3.452,0.001,0.025,"2","none","thin ",370.13,"HD183658",292.71966,-6.51442
660,"HD179346",6229.0,4.59,-0.03,0.794,0.675,4.147,4.372,0.061,0.04,"2","none","thin ",113.47,"HD179346",288.11424,-5.41453
649,"HD195200",6201.0,4.28,-0.08,3.054,1.306,1.841,4.877,0.05,0.032,"2","none","thin ",109.6,"HD195200",307.50676,-4.43765
337,"HD175179",5764.0,4.42,-0.66,12.839,0.503,2.548,3.22,0.378,0.047,"2","none","thick",175.98,"HD175179",283.59668,-4.60517
53,"HD176157",5170.0,4.46,-0.15,6.752,4.794,0.504,2.493,-0.015,0.077,"2","none","thin ",235.75,"HD176157",284.73538,-0.50399
287,"HD148577",5713.0,4.27,-0.09,10.904,1.046,1.543,3.409,0.202,0.023,"2","none","hamr ",208.81,"HD148577",247.43019,-18.68079
11,"HD153851",5015.0,4.59,-0.28,5.755,4.639,2.272,2.296,-0.153,0.204,"2","none","thin ",347.46,"HD153851",255.59509,-11.89345
655,"HD150177",6216.0,4.01,-0.58,5.806,0.23,3.224,5.478,0.054,0.037,"2","none","thin ",1135.11,"HD150177",249.91304,-9.55459
473,"HD144585",5914.0,4.27,0.33,2.95,0.894,0.844,3.907,-0.135,0.027,"2","none","thin ",871.18,"HD144585",241.76404,-14.0713
383,"HD146233",5818.0,4.4,0.04,2.852,2.192,2.056,3.389,-0.053,0.028,"2","none","thin ",1140.25,"HD146233",243.90529,-8.36944
716,"HD141128",6758.0,4.28,0.07,0.373,0.241,3.48,5.5,-0.024,0.037,"2","none","thin ",92.46,"HD141128",236.90875,-9.48044
325,"HD149724",5747.0,4.21,0.37,4.819,1.121,2.567,3.602,-0.037,0.043,"2","none","thin ",124.78,"HD149724",249.20232,-6.2943
703,"HD149200",6416.0,4.39,0.15,0.868,0.607,6.138,5.616,-0.131,0.039,"2","none","thin ",166.22,"HD149200",248.34742,-4.26198
246,"HD150433",5665.0,4.42,-0.36,12.345,0.942,1.555,3.014,0.146,0.038,"2","jup ","thick",652.58,"HD150433",250.28423,-2.85728
170,"HD147512",5530.0,4.42,-0.08,7.754,3.951,1.385,2.797,-0.025,0.044,"2","none","thin ",488.74,"HD147512",245.63634,-4.24925
395,"HD154962",5827.0,4.12,0.32,4.183,0.684,2.308,3.972,-0.036,0.031,"2","none","thin ",604.81,"HD154962",257.22717,-3.883
370,"HD155968",5790.0,4.38,0.16,1.614,1.45,2.567,3.361,-0.087,0.03,"2","none","thin ",75.95,"HD155968",258.74197,-2.50315
258,"HD157347",5676.0,4.36,0.02,6.996,2.9,1.552,3.155,-0.073,0.03,"2","none","thin ",574.59,"HD157347",260.7137,-2.38818
647,"HD139590",6200.0,4.33,0.13,1.57,0.959,3.222,4.773,-0.014,0.019,"2","none","thin ",226.61,"HD139590",234.7544,-0.3115
464,"HD148816",5908.0,4.32,-0.71,12.79,0.521,1.842,3.79,0.327,0.042,"2","none","thick",413.57,"HD148816",247.61858,4.17822
309,"BD+083095",5728.0,4.09,-0.77,13.138,0.16,2.723,3.801,0.423,0.06,"2","none","thick",103.79,"BD+083095",237.74556,8.42326
254,"HD171028",5671.0,3.83,-0.48,4.89,0.229,1.808,4.205,0.037,0.046,"2","jup ","thin ",835.8,"HD171028",278.06456,6.94575
416,"HD34449",5848.0,4.44,-0.09,2.584,2.154,0.85,3.386,-0.002,0.031,"2","none","thin ",320.93,"HD34449",72.63853,-85.37517
545,"HD39091",6003.0,4.32,0.09,2.305,1.557,2.568,4.079,-0.062,0.024,"2","jup ","thin ",929.75,"HD39091",84.29119,-80.46912
63,"HD13060",5255.0,4.43,0.02,5.402,4.412,0.506,2.559,-0.116,0.09,"2","none","thin ",431.96,"HD13060",30.19671,-80.53271
160,"HD1237",5514.0,4.53,0.07,2.809,2.744,5.065,2.556,-0.025,0.059,"2","jup ","thin ",394.33,"HD1237",4.05283,-79.85118
148,"HD20003",5494.0,4.44,0.04,4.663,3.749,1.528,2.711,0.003,0.045,"2","nept","thin ",457.26,"HD20003",46.90799,-72.32189
505,"HD16382",5953.0,4.41,0.03,3.622,1.925,1.847,3.742,-0.01,0.027,"2","none","thin ",125.59,"HD16382",38.27572,-72.4439
169,"HD30306",5529.0,4.34,0.17,8.527,2.696,1.553,2.955,-0.054,0.039,"2","none","thin ",448.39,"HD30306",69.99164,-71.50561
281,"HD28701",5710.0,4.39,-0.32,12.248,0.98,1.575,3.163,0.154,0.036,"2","none","thick",654.12,"HD28701",66.44104,-69.99368
346,"HD29137",5768.0,4.24,0.3,5.316,1.125,2.551,3.589,-0.029,0.031,"2","none","thin ",192.1,"HD29137",67.54674,-67.87755
54,"HD39194",5205.0,4.63,-0.61,10.441,2.54,0.432,2.152,0.322,0.066,"1-6757","nept","thick",958.18,"HD39194",86.13299,-70.14357
455,"HD31532",5896.0,4.0,-0.08,4.349,0.137,4.354,4.396,-0.059,0.031,"2","none","thin ",179.71,"HD31532",72.83655,-68.06965
586,"HD24085",6065.0,4.36,0.17,3.277,0.784,4.147,4.207,-0.047,0.029,"2","none","thin ",113.21,"HD24085",56.25646,-70.0241
610,"HD24062",6107.0,4.5,0.28,2.428,0.745,4.606,4.077,-0.128,0.065,"2","none","thin ",110.68,"HD24062",56.1952,-70.02665
41,"HD25120",5104.0,4.5,-0.21,5.616,4.574,2.052,2.428,0.042,0.094,"1-6757","none","thin ",390.38,"HD25120",58.82632,-65.28472
634,"HD25171",6160.0,4.29,-0.11,4.042,1.147,0.661,4.696,0.014,0.028,"2","jup ","thin ",232.94,"HD25171",58.956,-65.18667
322,"HD28471",5745.0,4.34,-0.05,7.832,2.343,1.846,3.337,-0.005,0.027,"2","none","thin ",544.42,"HD28471",66.28813,-64.08007
496,"HD25704",5942.0,4.44,-0.83,12.548,0.739,1.382,3.649,0.282,0.052,"2","none","thick",458.9,"HD25704",60.43597,-57.20683
161,"HD14747",5516.0,4.46,-0.39,12.174,1.063,1.383,2.698,0.258,0.034,"2","none","thick",420.76,"HD14747",34.89057,-67.69847
301,"HD17439",5721.0,4.41,0.08,3.455,2.577,2.04,3.146,0.035,0.025,"2","none","thin ",239.88,"HD17439",41.017,-68.1484
408,"HD13578",5842.0,4.12,-0.03,7.559,0.555,1.845,4.01,0.03,0.024,"2","none","thin ",166.99,"HD13578",32.5343,-64.35508
50,"HD224789",5150.0,4.51,-0.04,5.4,4.414,2.53,2.395,0.037,0.093,"2","none","thin ",835.71,"HD224789",0.168,-69.67597
12,"HD4457",5016.0,4.65,-0.38,5.484,4.662,0.513,2.175,-0.111,0.21,"1-6757","none","thin ",301.74,"HD4457",11.4287,-67.87476
101,"HD7199",5386.0,4.4,0.28,5.248,4.05,1.535,2.685,0.039,0.061,"2","jup ","hamr ",863.08,"HD7199",17.69676,-66.18816
227,"HD4308",5644.0,4.37,-0.34,12.26,1.029,1.38,3.075,0.173,0.034,"2","nept","thick",2000.14,"HD4308",11.16361,-65.64952
467,"HD10180",5911.0,4.32,0.08,4.164,1.798,2.307,3.798,-0.018,0.023,"2","jup ","thin ",1677.03,"HD10180",24.47324,-60.51152
429,"HD20807",5866.0,4.46,-0.23,4.759,2.953,2.055,3.393,0.015,0.038,"2","none","thin ",1473.74,"HD20807",49.55341,-62.50637
664,"HD21132",6243.0,4.42,-0.37,3.605,1.772,2.569,4.77,-0.09,0.038,"2","none","thin ",691.28,"HD21132",50.35116,-61.48808
327,"HD19423",5752.0,4.2,-0.09,10.269,1.341,1.586,3.633,0.138,0.032,"2","none","thin ",86.03,"HD19423",46.2288,-57.16627
124,"HD21693",5430.0,4.42,0.0,6.781,4.368,0.823,2.682,-0.024,0.05,"2","nept","thin ",705.43,"HD21693",51.80201,-58.32368
528,"HD23079",5980.0,4.39,-0.12,4.108,2.093,2.057,3.865,-0.019,0.023,"2","jup ","thin ",1126.95,"HD23079",54.92957,-52.91584
249,"HD22177",5666.0,4.25,0.2,8.1,1.365,1.54,3.356,0.005,0.031,"2","none","thin ",194.26,"HD22177",53.0077,-52.47386
18,"HD13808",5033.0,4.51,-0.21,7.208,4.759,0.5,2.444,0.081,0.167,"2","nept","thin ",1014.84,"HD13808",33.17886,-53.74389
683,"HD14745",6290.0,4.52,-0.14,1.462,1.132,3.634,4.772,-0.007,0.044,"2","none","thin ",174.88,"HD14745",35.22455,-52.96379
659,"HD17051",6227.0,4.36,0.19,0.557,0.411,5.628,4.824,-0.108,0.032,"2","jup ","thin ",624.16,"HD17051",40.63944,-50.80029
642,"HD37226",6178.0,4.01,-0.12,3.172,0.316,3.803,5.326,-0.007,0.03,"2","none","thin ",405.58,"HD37226",83.43485,-54.90229
558,"HD38973",6016.0,4.32,0.05,2.524,1.676,2.306,4.121,0.011,0.02,"2","none","thin ",807.03,"HD38973",86.61663,-53.21932
441,"HD34327",5883.0,4.13,-0.06,6.397,0.288,3.107,4.099,-0.016,0.027,"2","none","thin ",150.06,"HD34327",78.36626,-55.5689
196,"HD30177",5601.0,4.34,0.37,5.268,2.437,2.305,3.062,-0.009,0.05,"2","jup ","thin ",199.09,"HD30177",70.47656,-58.02076
103,"HD30278",5394.0,4.45,-0.17,9.106,3.851,1.025,2.591,-0.027,0.057,"2","none","thin ",712.51,"HD30278",70.80702,-54.59343
619,"HD30053",6139.0,4.38,-0.22,4.248,1.85,3.354,4.436,0.0,0.041,"2","none","thin ",98.07,"HD30053",70.33214,-52.62579
235,"HD28254",5653.0,4.14,0.36,6.012,1.251,1.532,3.552,-0.054,0.037,"2","jup ","thin ",369.84,"HD28254",66.21127,-50.62219
28,"HD40105",5064.0,3.83,0.02,7.332,0.533,1.882,2.5,0.086,0.06,"2","none","hamr ",1208.21,"HD40105",88.54506,-50.36255
614,"HD36051",6118.0,4.5,-0.08,1.05,0.927,5.107,4.117,-0.011,0.031,"2","none","thin ",196.5,"HD36051",81.67759,-45.04965
265,"HD39427",5682.0,4.5,-0.18,3.493,3.016,1.852,2.887,0.122,0.034,"2","none","thin ",196.73,"HD39427",87.61404,-43.69965
697,"HD40483",6371.0,4.16,-0.06,2.781,0.411,3.799,5.86,-0.01,0.048,"2","none","thin ",169.58,"HD40483",89.22901,-44.00897
719,"HD38385",7212.0,4.02,0.09,0.692,0.263,7.257,5.5,-0.133,0.054,"2","none","thin ",268.07,"HD38385",85.87577,-39.40691
654,"HD37990",6215.0,4.39,0.0,0.944,0.791,2.301,4.714,0.048,0.028,"2","none","thin ",175.49,"HD37990",85.1787,-36.58489
318,"HD33473A",5740.0,3.94,-0.13,4.189,0.155,2.056,4.127,-0.08,0.034,"2","jup ","thin ",378.46,"HD33473",77.12465,-41.2137
466,"HD32804",5910.0,4.46,0.06,1.321,1.174,2.307,3.515,-0.106,0.026,"2","none","thin ",281.97,"HD32804",75.96971,-40.60779
306,"HD33822",5726.0,4.26,0.26,6.156,1.405,2.528,3.456,0.035,0.034,"2","none","thin ",86.55,"HD33822",77.87299,-33.88066
458,"HD25912",5900.0,4.45,0.12,1.144,1.027,2.564,3.507,-0.048,0.035,"2","none","thin ",116.11,"HD25912",60.90798,-51.93084
641,"HD23456",6178.0,4.41,-0.32,4.983,1.411,1.382,4.526,0.038,0.03,"2","none","thin ",693.27,"HD23456",55.76984,-50.64308
349,"HD22249",5773.0,4.59,-0.06,1.504,1.432,3.226,2.901,0.006,0.034,"2","none","thin ",105.77,"HD22249",53.2659,-46.7223
434,"HD27471",5871.0,4.19,0.11,5.592,1.087,2.768,3.947,-0.004,0.032,"2","none","thin ",123.67,"HD27471",64.5006,-45.65106
428,"HD20407",5866.0,4.44,-0.44,9.823,2.2,2.056,3.433,0.081,0.042,"2","none","thin ",544.33,"HD20407",48.77663,-45.66482
109,"HD20794",5401.0,4.45,-0.4,12.338,0.95,0.564,2.597,0.157,0.062,"2","nept","thick",2033.74,"HD20794",49.98188,-43.06978
639,"HD24112",6175.0,4.2,0.16,2.723,0.465,2.068,4.934,-0.013,0.018,"2","none","thin ",361.79,"HD24112",57.19514,-40.39923
73,"HD25105",5316.0,4.55,-0.15,5.038,4.322,0.746,2.341,0.033,0.064,"2","none","thin ",293.42,"HD25105",59.48121,-36.25991
358,"HD21938",5778.0,4.34,-0.47,12.494,0.798,1.388,3.412,0.212,0.032,"2","none","thick",310.97,"HD21938",52.70976,-37.37229
320,"HD29428",5743.0,4.45,-0.06,3.031,2.572,2.449,3.113,-0.091,0.036,"2","none","thin ",106.54,"HD29428",69.06355,-39.4145
592,"HD31103",6078.0,4.37,0.09,1.031,0.879,2.263,4.233,-0.024,0.02,"2","none","thin ",359.25,"HD31103",72.91909,-31.56732
107,"HD30669",5400.0,4.42,0.13,6.177,4.401,1.536,2.656,0.014,0.056,"2","jup ","thin ",206.43,"HD30669",72.11869,-28.41929
296,"HD26729",5718.0,4.14,0.31,5.306,1.009,1.843,3.679,-0.076,0.042,"2","none","thin ",149.82,"HD26729",63.09877,-31.5811
669,"HD25587",6258.0,4.43,-0.12,3.922,0.826,6.82,4.813,0.155,0.058,"2","none","thin ",80.67,"HD25587",60.67812,-27.48355
361,"HD29263",5780.0,4.31,0.03,6.997,1.995,1.506,3.477,0.043,0.033,"2","none","thin ",131.6,"HD29263",68.94038,-21.33993
525,"HD1581",5977.0,4.42,-0.18,4.226,2.274,2.304,3.796,-0.033,0.031,"2","none","thin ",1120.39,"HD1581",5.01775,-64.87479
324,"HD67",5746.0,4.53,0.03,1.836,1.713,3.225,2.96,0.006,0.034,"2","none","thin ",230.56,"HD67",1.36855,-61.22585
564,"HD3823",6022.0,4.21,-0.28,7.867,0.775,1.382,4.361,0.054,0.024,"2","none","thin ",792.32,"HD3823",10.10696,-59.4546
657,"HD10647",6218.0,4.45,0.0,0.79,0.637,5.136,4.606,-0.076,0.024,"2","jup ","thin ",1252.16,"HD10647",25.62215,-53.74083
99,"HD870",5381.0,4.48,-0.1,4.389,3.865,1.584,2.521,-0.019,0.053,"2","none","thin ",301.78,"HD870",3.20937,-57.91261
298,"HD2071",5719.0,4.44,-0.09,3.99,3.053,1.844,3.082,-0.043,0.034,"2","none","thin ",468.05,"HD2071",6.17729,-53.984
508,"HD9608",5954.0,4.34,-0.26,6.937,2.142,1.836,3.885,-0.059,0.038,"2","none","thin ",157.77,"HD9608",23.3171,-47.30607
431,"HD13724",5868.0,4.46,0.23,1.107,0.98,2.334,3.399,-0.076,0.032,"2","none","thin ",808.22,"HD13724",33.08616,-46.81638
438,"HD17865",5877.0,4.25,-0.57,12.523,0.678,1.385,3.843,0.101,0.045,"2","none","thick",567.74,"HD17865",42.67259,-44.0813
64,"HD15612",5256.0,4.58,-0.11,4.723,4.204,2.306,2.259,0.084,0.064,"2","none","thin ",244.71,"HD15612",37.37556,-41.36368
267,"HD10895",5685.0,4.5,-0.27,4.153,3.435,2.314,2.893,0.037,0.039,"2","none","thin ",139.32,"HD10895",26.50055,-43.91336
276,"HD12387",5700.0,4.37,-0.24,11.86,1.255,0.858,3.182,0.157,0.035,"2","none","thick",958.71,"HD12387",30.13386,-40.73125
460,"HD564",5902.0,4.46,-0.2,3.907,2.631,1.045,3.493,-0.055,0.039,"2","jup ","thin ",401.12,"HD564",2.47009,-50.26782
413,"HD3220",5846.0,4.45,-0.22,4.683,3.019,2.305,3.36,0.104,0.028,"2","none","thin ",341.26,"HD3220",8.762,-48.93455
701,"HD142",6403.0,4.37,0.09,1.393,0.808,9.759,5.592,0.028,0.061,"2","jup ","thin ",757.62,"HD142",1.5799,-49.07519
687,"HD5388",6311.0,4.03,-0.28,3.915,0.566,3.66,5.845,0.036,0.03,"2","jup ","thin ",737.91,"HD5388",13.79954,-47.40597
632,"HD8535",6158.0,4.28,0.04,2.916,1.054,1.122,4.708,-0.03,0.018,"2","jup ","thin ",474.93,"HD8535",20.90515,-41.2698
598,"HD6735",6082.0,4.37,-0.06,2.208,1.554,3.098,4.247,0.013,0.022,"2","none","thin ",550.59,"HD6735",16.88355,-41.7467
261,"HD1320",5679.0,4.47,-0.27,6.409,3.905,1.844,2.941,0.088,0.036,"2","none","thin ",338.69,"HD1320",4.31886,-43.85273
600,"HD457",6089.0,4.31,0.34,1.248,0.821,3.081,4.392,-0.052,0.026,"2","none","thin ",221.0,"HD457",2.24866,-39.73716
567,"HD4597",6025.0,4.33,-0.39,8.563,1.609,1.396,4.131,0.073,0.041,"2","none","thin ",149.69,"HD4597",11.87814,-36.9402
584,"HD9578",6055.0,4.41,0.11,0.95,0.813,0.62,4.072,-0.066,0.023,"2","jup ","thin ",532.94,"HD9578",23.32144,-38.24502
152,"HD8859",5502.0,4.44,-0.09,7.283,4.155,0.675,2.72,0.03,0.037,"2","none","thin ",161.51,"HD8859",21.70519,-29.47497
707,"HD8985",6473.0,4.69,-0.01,0.651,0.523,5.578,5.301,-0.016,0.059,"2","none","thin ",70.5,"HD8985",22.03046,-28.05125
157,"HD8638",5507.0,4.46,-0.38,11.647,1.55,0.807,2.687,0.21,0.048,"2","none","thick",262.15,"HD8638",21.20503,-27.83905
55,"HD8912",5211.0,4.53,-0.07,5.308,4.511,1.053,2.352,0.033,0.085,"2","none","thin ",218.41,"HD8912",21.86339,-25.93691
49,"HD9796",5139.0,4.45,-0.25,9.104,3.992,0.695,2.518,0.063,0.087,"2","none","thin ",368.76,"HD9796",23.83739,-21.20109
378,"HD19641",5806.0,4.34,-0.01,5.298,2.527,1.962,3.479,0.027,0.022,"2","none","thin ",395.81,"HD19641",47.11008,-37.85223
623,"HD18083",6144.0,4.56,0.03,0.947,0.84,3.688,4.094,-0.026,0.043,"2","none","thin ",91.18,"HD18083",43.31934,-34.4886
20,"HD17970",5038.0,4.54,-0.45,11.602,1.663,0.272,2.38,0.203,0.129,"2","none","thick",338.19,"HD17970",43.08204,-33.45064
141,"HD21411",5473.0,4.55,-0.26,5.692,4.315,1.848,2.467,0.071,0.045,"2","none","thin ",262.67,"HD21411",51.54632,-30.61781
351,"HD20782",5774.0,4.33,-0.06,8.3,1.962,1.042,3.423,0.013,0.024,"2","jup ","thin ",692.21,"HD20782",50.01491,-28.85407
65,"HD20781",5256.0,4.46,-0.11,7.197,4.621,0.484,2.499,0.049,0.061,"2","nept","thin ",412.1,"HD20781",50.01226,-28.78383
718,"HD20852",6813.0,4.34,-0.35,1.734,0.653,7.305,5.5,-0.011,0.049,"2","none","thin ",493.64,"HD20852",50.18577,-26.2878
405,"HD16417",5841.0,4.1,0.13,5.661,1.128,1.541,4.047,-0.073,0.022,"2","nept","thin ",995.56,"HD16417",39.2442,-34.57798
162,"HD16714",5518.0,4.44,-0.2,8.997,3.62,0.817,2.741,0.058,0.044,"2","none","thin ",231.1,"HD16714",39.94842,-33.90005
347,"HD18001",5772.0,4.4,-0.07,4.608,3.02,1.842,3.278,-0.001,0.037,"2","none","thin ",261.03,"HD18001",43.17171,-31.56219
403,"HD16784",5837.0,4.28,-0.65,12.961,0.373,1.386,3.677,0.322,0.042,"2","none","thick",232.06,"HD16784",40.16157,-30.1354
426,"HD14868",5864.0,4.38,0.02,3.826,2.348,2.305,3.548,-0.09,0.032,"2","none","thin ",86.57,"HD14868",35.79655,-29.03668
119,"HD16297",5422.0,4.52,-0.01,3.692,3.425,1.515,2.475,-0.04,0.047,"2","none","thin ",439.26,"HD16297",39.03264,-28.2186
137,"HD18386",5457.0,4.43,0.14,4.359,3.618,2.054,2.689,0.09,0.043,"2","none","thin ",523.22,"HD18386",44.15789,-22.3101
92,"HD24892",5363.0,4.05,-0.32,10.167,0.285,0.532,3.368,0.122,0.048,"2","none","thick",358.89,"HD24892",59.11945,-25.18134
482,"HD21161",5923.0,4.16,0.09,5.576,1.048,2.745,4.153,-0.081,0.031,"2","none","thin ",108.03,"HD21161",51.10306,-15.65384
3,"HD23356",4919.0,4.64,-0.15,5.785,4.948,0.483,2.0,0.239,0.11,"1-6757","none","thin ",703.58,"HD23356",55.9806,-19.1109
286,"HD16008",5712.0,4.4,-0.09,5.355,3.347,1.536,3.147,0.075,0.027,"2","jup ","thin ",134.79,"HD16008",38.45428,-19.61181
184,"HD11397",5564.0,4.47,-0.54,11.587,1.613,0.76,2.744,0.223,0.051,"2","none","thick",512.24,"HD11397",27.91887,-16.31766
104,"HD12345",5395.0,4.5,-0.21,8.226,4.365,0.778,2.492,0.039,0.053,"2","none","thin ",178.39,"HD12345",30.20313,-12.87498
300,"HD19467",5720.0,4.28,-0.14,11.364,1.283,1.554,3.404,0.095,0.025,"2","none","hamr ",537.91,"HD19467",46.8274,-13.76178
16,"HD23249",5027.0,3.81,0.07,6.859,0.951,2.032,2.5,0.156,0.079,"2","none","hamr ",2032.91,"HD23249",55.81209,-9.76339
24,"HD22049",5049.0,4.59,-0.15,5.492,4.649,1.507,2.274,0.186,0.09,"1-6757","jup ","thin ",889.93,"HD22049",53.23269,-9.45826
140,"HD21019",5468.0,3.97,-0.45,6.419,0.224,0.647,3.621,0.029,0.047,"2","none","thin ",518.45,"HD21019",50.82375,-7.7941
270,"HD16548",5690.0,3.94,0.15,4.932,0.297,2.312,4.022,-0.168,0.031,"2","none","thin ",411.75,"HD16548",39.75337,-8.9279
60,"HD18719",5241.0,4.5,-0.08,4.631,4.163,2.054,2.416,0.018,0.079,"2","none","thin ",477.42,"HD18719",45.07138,-9.03991
145,"HD19034",5477.0,4.43,-0.48,12.924,0.427,1.376,2.711,0.22,0.05,"2","none","thick",359.29,"HD19034",45.91233,-5.6663
546,"HD75328",6003.0,4.36,-0.23,6.501,1.787,2.299,3.999,-0.005,0.034,"2","none","thin ",99.73,"HD75328",130.07964,-79.67404
468,"HD82114",5912.0,4.13,0.01,6.028,0.755,3.189,4.181,-0.015,0.029,"2","none","thin ",132.07,"HD82114",140.85338,-77.89052
668,"HD62364",6255.0,4.29,-0.11,3.901,0.699,3.695,5.081,0.005,0.032,"2","none","thin ",214.67,"HD62364",113.90739,-75.54423
164,"HD81639",5522.0,4.42,-0.17,8.629,3.802,1.001,2.786,-0.034,0.083,"2","none","thin ",329.46,"HD81639",140.52528,-73.54335
365,"HD74698",5783.0,4.23,0.07,7.847,1.191,1.843,3.644,-0.005,0.029,"2","none","thin ",381.61,"HD74698",130.07301,-71.87714
620,"HD94964",6139.0,4.42,-0.07,1.98,1.496,4.115,4.356,-0.102,0.043,"2","none","thin ",108.65,"HD94964",163.83346,-75.19194
658,"HD96290",6219.0,4.39,0.03,0.992,0.772,2.546,4.731,-0.024,0.021,"2","none","thin ",180.22,"HD96290",165.99886,-74.24796
132,"HD100508",5449.0,4.46,0.39,3.902,3.334,1.54,2.621,0.036,0.08,"2","none","thin ",704.19,"HD100508",173.30454,-67.05458
533,"HD95542",5984.0,4.43,-0.04,1.489,1.304,3.694,3.798,-0.03,0.024,"2","none","thin ",357.15,"HD95542",165.07374,-66.55703
637,"HD97320",6165.0,4.43,-1.05,11.513,1.396,1.792,4.435,0.33,0.075,"2","none","thick",263.43,"HD97320",167.75306,-65.42715
616,"HD88474",6122.0,3.78,-0.48,2.883,0.011,3.683,5.572,0.007,0.042,"2","none","thin ",188.49,"HD88474",152.28936,-70.36616
440,"HD81700",5882.0,4.46,0.12,1.264,1.132,2.053,3.437,-0.049,0.025,"2","none","thin ",120.43,"HD81700",141.09562,-63.71835
695,"HD52449",6362.0,4.32,0.12,0.612,0.457,2.068,4.5,-0.055,0.027,"2","none","thin ",149.03,"HD52449",103.3185,-74.72519
646,"HD66168",6198.0,4.53,-0.03,0.804,0.668,4.599,4.365,0.019,0.031,"2","none","thin ",149.02,"HD66168",119.03805,-71.98586
542,"HD44447",5999.0,4.27,-0.22,7.708,1.021,0.83,4.166,0.065,0.023,"2","none","thin ",755.36,"HD44447",93.77508,-71.70276
82,"HD48611",5337.0,4.58,-0.36,7.654,4.603,1.391,2.292,0.061,0.065,"2","none","thin ",419.56,"HD48611",99.46072,-70.93261
608,"HD67200",6105.0,4.32,0.32,1.172,0.797,2.439,4.429,-0.04,0.028,"2","none","thin ",170.07,"HD67200",120.38558,-70.02388
344,"HD72374",5767.0,4.31,-0.09,8.043,2.294,1.542,3.447,0.034,0.024,"2","none","thin ",130.73,"HD72374",127.28085,-61.8734
201,"HD65216",5612.0,4.44,-0.17,5.08,3.745,1.308,2.88,-0.03,0.044,"2","jup ","thin ",582.36,"HD65216",118.42216,-63.64732
149,"HD63685",5497.0,4.08,0.0,9.451,0.196,0.797,3.434,0.034,0.029,"2","none","hamr ",152.2,"HD63685",116.59701,-61.43015
497,"HD65907A",5945.0,4.44,-0.31,8.048,1.979,2.299,3.658,0.196,0.026,"2","none","thick",1120.92,"HD65907",119.44548,-60.30307
71,"HD66340",5284.0,4.44,0.03,6.338,4.532,0.71,2.547,-0.049,0.054,"2","none","thin ",293.43,"HD66340",119.94833,-59.21219
58,"HD80883",5233.0,4.54,-0.25,6.133,4.752,1.076,2.334,0.084,0.073,"2","none","thin ",533.41,"HD80883",139.93386,-59.47772
537,"HD76188",5989.0,3.99,-0.44,7.009,0.289,3.09,4.694,0.12,0.049,"2","none","thin ",90.15,"HD76188",132.86558,-61.36297
477,"HD74957",5915.0,4.46,-0.18,4.737,2.613,2.302,3.53,0.032,0.03,"2","none","thin ",146.33,"HD74957",131.10021,-57.76911
444,"HD75745",5885.0,4.22,-0.78,11.784,0.509,1.796,3.925,0.321,0.05,"2","none","thick",270.42,"HD75745",132.39983,-52.4765
511,"HD69655",5961.0,4.35,-0.18,6.023,1.911,2.102,3.886,0.019,0.027,"2","none","thin ",708.4,"HD69655",123.85506,-52.0603
134,"HD72579",5449.0,4.31,0.2,7.388,3.813,0.65,2.921,-0.012,0.04,"2","none","thin ",339.27,"HD72579",127.7876,-54.08827
368,"HD78747",5788.0,4.4,-0.67,12.938,0.405,1.38,3.316,0.319,0.046,"2","none","thick",554.98,"HD78747",136.98573,-50.48245
338,"HD76440",5764.0,4.39,-0.01,5.138,2.86,1.593,3.28,0.021,0.033,"2","none","thin ",97.25,"HD76440",133.51166,-51.58424
400,"HD96116",5832.0,4.47,-0.01,2.059,1.817,2.303,3.284,-0.012,0.034,"2","none","thin ",157.13,"HD96116",166.05688,-57.76513
239,"HD102117",5657.0,4.3,0.28,6.713,1.603,1.53,3.239,-0.037,0.034,"2","jup ","thin ",908.62,"HD102117",176.21025,-58.70371
31,"HD101930",5083.0,4.48,0.16,6.325,4.83,0.489,2.476,0.038,0.095,"2","jup ","thin ",747.8,"HD101930",175.87547,-58.00688
582,"HD95860",6054.0,4.37,-0.31,7.502,1.321,0.779,4.149,-0.017,0.045,"2","none","thin ",180.14,"HD95860",165.71155,-53.24702
690,"HD89839",6314.0,4.28,0.04,1.559,0.88,4.146,5.358,-0.076,0.031,"2","jup ","thin ",331.13,"HD89839",155.16893,-53.66409
350,"HD95521",5773.0,4.45,-0.15,3.831,2.946,2.01,3.181,0.01,0.031,"2","none","thin ",503.04,"HD95521",165.20943,-49.01984
599,"HD90422",6085.0,4.02,-0.62,6.01,0.163,3.113,4.957,0.138,0.043,"2","none","thin ",291.89,"HD90422",156.37288,-45.18271
62,"HD103197",5250.0,4.54,0.22,4.872,4.294,0.602,2.338,0.026,0.086,"2","jup ","thin ",355.22,"HD103197",178.22074,-50.29282
22,"HD104006",5046.0,4.73,-0.78,9.802,3.22,0.202,1.995,0.192,0.529,"1-6757","none","thick",264.19,"HD104006",179.61672,-41.92201
215,"HD102365",5629.0,4.44,-0.29,10.474,2.38,1.833,2.909,0.053,0.047,"2","nept","thin ",2021.23,"HD102365",176.62947,-40.50036
285,"HD96423",5711.0,4.33,0.1,6.065,2.452,1.387,3.285,-0.068,0.024,"2","none","thin ",424.56,"HD96423",166.58227,-44.37332
541,"HD94444",5998.0,4.24,-0.62,11.715,1.071,0.856,4.223,0.132,0.044,"2","none","thin ",264.05,"HD94444",163.3568,-44.41133
553,"CD-436810",6011.0,4.31,-0.44,9.728,1.298,1.864,4.125,0.182,0.034,"2","none","thick",171.55,"CD-436810",167.16707,-44.25939
526,"HD93385",5977.0,4.33,0.02,4.13,1.668,2.345,3.976,-0.01,0.022,"2","nept","thin ",625.73,"HD93385",161.56298,-41.46437
292,"HD97998",5716.0,4.54,-0.42,7.759,3.804,0.802,2.875,0.064,0.051,"2","none","thin ",340.65,"HD97998",168.95424,-39.3235
472,"HD98284",5913.0,4.45,-0.84,12.367,0.9,1.819,3.544,0.255,0.119,"2","none","thick",160.18,"HD98284",169.49242,-36.5966
216,"HD94771",5631.0,4.03,0.22,5.733,0.391,2.559,3.732,-0.063,0.031,"2","none","thin ",437.63,"HD94771",163.97481,-35.11435
48,"HD85390",5135.0,4.44,-0.09,6.459,4.804,0.375,2.538,0.106,0.079,"2","jup ","thin ",794.55,"HD85390",147.5104,-49.79027
612,"HD84627B",6113.0,4.38,-0.28,6.248,1.282,1.382,4.339,0.07,0.032,"2","none","thin ",134.73,"HD84627",146.26525,-49.48536
461,"HD83529",5902.0,4.28,-0.22,8.954,1.458,0.724,3.853,-0.007,0.028,"2","none","thin ",627.64,"HD83529",144.36941,-49.99093
21,"HD82516",5041.0,4.62,0.02,5.992,4.722,0.509,2.219,0.112,0.156,"2","none","thin ",501.34,"HD82516",142.747,-47.38418
514,"HD84305",5963.0,4.42,-0.23,5.941,2.247,1.84,3.753,0.001,0.035,"2","none","thin ",117.03,"HD84305",145.77172,-43.27229
159,"HD83443",5511.0,4.46,0.34,2.638,2.489,1.539,2.692,0.022,0.058,"2","jup ","thin ",798.69,"HD83443",144.29928,-43.2722
332,"HD78429",5760.0,4.29,0.09,7.426,1.524,1.881,3.471,-0.017,0.025,"2","none","thin ",1613.52,"HD78429",136.6618,-43.49198
392,"HD79601",5825.0,4.27,-0.59,12.839,0.493,1.792,3.666,0.123,0.046,"2","none","thick",535.76,"HD79601",138.43595,-42.31041
122,"HD85119",5425.0,4.57,-0.2,4.975,4.144,2.566,2.378,-0.147,0.082,"2","none","thin ",639.5,"HD85119",147.20872,-37.30965
439,"HD88218",5878.0,4.09,-0.14,7.329,0.354,1.8,4.166,-0.026,0.026,"2","none","thin ",235.58,"HD88218",152.38237,-35.85678
23,"HD93083",5048.0,4.46,0.08,5.485,4.612,0.398,2.534,0.084,0.1,"2","jup ","hamr ",850.14,"HD93083",161.08715,-33.57702
587,"HD93745",6065.0,4.23,0.12,3.985,0.745,3.682,4.467,-0.075,0.034,"2","none","thin ",124.9,"HD93745",162.25216,-31.05914
675,"HD95456",6276.0,4.16,0.16,2.13,0.505,1.84,5.431,-0.052,0.027,"2","none","thin ",2014.62,"HD95456",165.16993,-31.83937
410,"HD96700",5845.0,4.33,-0.18,9.066,1.727,1.548,3.598,0.002,0.03,"2","nept","thin ",860.86,"HD96700",166.97678,-30.17457
529,"HD88742",5981.0,4.43,-0.02,1.596,1.308,0.668,3.789,0.004,0.023,"2","none","thin ",1247.78,"HD88742",153.35304,-33.03172
491,"HD86652",5934.0,4.39,0.13,1.595,1.334,2.765,3.725,0.008,0.021,"2","none","thin ",122.53,"HD86652",149.78331,-33.51712
195,"HD90156",5599.0,4.48,-0.24,8.074,3.818,0.817,2.779,-0.055,0.044,"2","nept","thin ",373.55,"HD90156",155.98031,-29.64553
224,"HD87320",5639.0,4.4,-0.17,10.904,1.982,1.668,3.007,0.044,0.048,"2","none","hamr ",97.32,"HD87320",150.90576,-29.04334
45,"HD90812",5118.0,4.47,-0.38,9.007,4.019,0.37,2.483,0.097,0.11,"2","none","thin ",346.65,"HD90812",157.17868,-27.36604
333,"HD90702",5760.0,4.52,0.2,1.347,1.228,2.054,3.011,0.022,0.034,"2","none","thin ",103.51,"HD90702",156.98257,-21.70161
225,"HD49035",5640.0,4.34,0.24,4.834,2.679,2.869,3.128,-0.037,0.032,"2","none","thin ",239.31,"HD49035",100.59686,-61.22497
580,"HD44120",6052.0,4.14,0.12,4.105,0.755,2.412,4.602,-0.056,0.018,"2","none","thin ",610.66,"HD44120",94.07828,-59.2135
391,"HD48115",5825.0,4.43,-0.19,3.742,2.813,2.306,3.346,-0.065,0.042,"2","none","thin ",351.97,"HD48115",99.50209,-59.77343
88,"HD51608",5358.0,4.42,-0.07,8.489,4.14,0.685,2.625,-0.044,0.046,"2","nept","thin ",713.05,"HD51608",103.71392,-55.25933
524,"CD-571633",5975.0,4.37,-0.85,11.629,1.47,1.902,3.89,0.162,0.083,"2","none","halo ",202.12,"CD-571633",106.62063,-57.45809
125,"HD63765",5432.0,4.47,-0.16,5.529,4.356,1.534,2.584,-0.026,0.05,"2","jup ","thin ",856.19,"HD63765",116.95717,-54.26414
84,"HD62849",5338.0,3.66,-0.17,2.684,0.075,0.819,4.133,0.006,0.036,"2","none","thin ",294.2,"HD62849",115.84839,-52.50792
653,"HD61902",6209.0,4.22,-0.62,8.043,0.722,1.839,5.03,0.162,0.04,"2","none","thin ",270.13,"HD61902",114.72356,-51.08336
206,"HD59468",5618.0,4.39,0.03,6.297,3.437,0.897,2.99,0.001,0.032,"2","none","thin ",2005.17,"HD59468",111.8561,-51.4026
289,"HD41248",5713.0,4.47,-0.37,8.862,3.361,1.832,3.009,0.079,0.044,"2","none","thin ",381.77,"HD41248",90.13659,-56.16183
74,"HD56380",5317.0,4.43,-0.42,12.153,1.128,0.663,2.581,0.216,0.061,"2","none","thick",311.2,"HD56380",108.50429,-51.46899
56,"HD68607",5215.0,4.51,0.07,4.56,4.208,0.696,2.392,0.004,0.077,"2","none","thin ",775.38,"HD68607",122.79035,-46.2974
635,"HD75289",6161.0,4.23,0.3,0.833,0.611,3.648,4.82,-0.176,0.021,"2","jup ","thin ",1165.12,"HD75289",131.91829,-41.73679
602,"HD73121",6091.0,4.18,0.09,3.976,0.727,2.741,4.659,-0.04,0.02,"2","none","thin ",597.78,"HD73121",128.80224,-39.97045
559,"HD73524",6017.0,4.33,0.16,1.599,1.205,2.564,4.104,-0.111,0.022,"2","none","thin ",576.0,"HD73524",129.3333,-40.14767
91,"HD62847",5362.0,4.54,-0.25,6.264,4.605,1.844,2.388,0.121,0.061,"2","none","thin ",186.24,"HD62847",115.96684,-46.85232
498,"HD65982",5947.0,4.34,-0.1,6.309,1.536,2.575,3.864,0.037,0.024,"2","none","thin ",152.11,"HD65982",119.9067,-43.29893
626,"HD66039",6149.0,4.38,0.17,0.713,0.573,2.052,4.474,-0.121,0.022,"2","none","thin ",184.97,"HD66039",119.9949,-41.7041
252,"HD70642",5668.0,4.39,0.18,3.801,2.646,1.57,3.08,0.046,0.03,"2","jup ","thin ",158.31,"HD70642",125.36724,-39.70541
128,"HD71835",5438.0,4.43,-0.04,6.526,4.339,1.496,2.67,0.002,0.042,"2","none","thin ",434.83,"HD71835",127.04992,-36.72299
516,"HD68978A",5965.0,4.39,0.04,1.909,1.526,2.756,3.819,-0.033,0.029,"2","none","thin ",1148.72,"HD68978",123.39374,-31.73538
404,"HD44594",5840.0,4.32,0.15,3.352,2.021,2.305,3.605,-0.028,0.022,"2","none","thin ",693.11,"HD44594",95.02556,-48.74109
293,"HD45289",5717.0,4.29,-0.02,9.827,1.501,1.532,3.377,0.021,0.027,"2","none","hamr ",631.68,"HD45289",96.10146,-42.84752
330,"HD41323",5756.0,4.52,-0.31,5.792,3.778,1.853,3.002,-0.161,0.054,"2","none","thin ",415.03,"HD41323",90.56113,-44.00931
95,"HD44804",5366.0,4.54,0.03,3.457,3.271,2.801,2.39,-0.053,0.052,"2","none","thin ",293.55,"HD44804",95.48692,-40.88069
93,"HD61051",5363.0,4.43,-0.1,10.504,2.635,0.896,2.608,0.104,0.047,"2","none","hamr ",225.08,"HD61051",113.98402,-32.84142
450,"HD67458",5891.0,4.46,-0.16,3.93,2.622,2.305,3.462,-0.047,0.032,"2","none","thin ",926.56,"HD67458",121.75218,-29.40294
219,"HD50806",5633.0,4.11,0.03,9.496,0.492,1.491,3.576,0.056,0.027,"2","none","hamr ",1904.1,"HD50806",103.39143,-28.53979
522,"HD54521",5973.0,4.45,-0.01,1.718,1.46,2.297,3.724,-0.088,0.027,"2","none","thin ",123.26,"HD54521",107.00748,-27.75677
221,"HD61447",5637.0,4.36,0.17,3.774,2.861,1.843,3.083,-0.05,0.039,"2","none","thin ",106.13,"HD61447",114.57212,-27.14552
304,"HD61986",5725.0,4.45,-0.34,10.386,2.279,1.541,3.074,-0.186,0.065,"2","none","thin ",410.28,"HD61986",115.22657,-26.36351
476,"HD55693",5914.0,4.35,0.29,1.877,1.352,3.075,3.747,0.028,0.028,"2","none","thin ",927.99,"HD55693",108.26114,-24.22557
294,"HD77110",5717.0,4.45,-0.5,12.147,1.099,1.544,3.057,0.028,0.074,"2","none","thick",436.84,"HD77110",134.82443,-35.31031
75,"HD82783",5318.0,4.49,0.21,3.914,3.652,0.677,2.462,0.059,0.077,"2","none","hamr ",236.86,"HD82783",143.36233,-30.66699
96,"HD73267",5373.0,4.43,0.05,6.991,4.386,0.79,2.615,-0.009,0.059,"2","jup ","hamr ",345.63,"HD73267",129.07407,-34.45998
61,"HD72673",5243.0,4.55,-0.41,7.16,4.859,0.501,2.316,-0.025,0.155,"2","none","thin ",2021.08,"HD72673",128.21457,-31.50085
166,"HD73256",5526.0,4.44,0.23,2.189,2.075,3.232,2.751,-0.017,0.042,"2","jup ","thin ",901.57,"HD73256",129.0959,-30.03762
272,"HD71334",5694.0,4.35,-0.09,8.28,2.734,1.389,3.21,0.003,0.032,"2","none","thin ",379.69,"HD71334",126.45632,-29.93059
535,"HD85725",5986.0,3.86,0.15,2.695,0.188,6.017,4.944,-0.037,0.03,"2","none","thin ",614.74,"HD85725",148.24178,-27.33217
342,"HD88084",5766.0,4.38,-0.1,7.223,2.652,1.028,3.305,-0.005,0.026,"2","none","thin ",197.1,"HD88084",152.28436,-15.4945
538,"HD82943",5989.0,4.34,0.26,1.249,0.978,1.389,3.994,-0.027,0.02,"2","jup ","thin ",2001.69,"HD82943",143.7114,-12.12955
578,"HD70889",6051.0,4.38,0.11,1.064,0.908,3.068,4.119,-0.077,0.019,"2","none","thin ",1025.31,"HD70889",125.88255,-27.82235
715,"HD66740",6666.0,4.13,0.04,0.686,0.432,4.586,5.5,-0.048,0.028,"2","none","thin ",150.04,"HD66740",121.00545,-26.97332
226,"HD72769",5640.0,4.34,0.3,5.39,2.276,1.493,3.128,-0.015,0.034,"2","none","thin ",396.3,"HD72769",128.44044,-23.35555
648,"HD63754",6200.0,4.05,0.21,2.595,0.23,4.813,5.333,-0.065,0.039,"2","none","thin ",229.53,"HD63754",117.4386,-20.20763
574,"HD71685",6038.0,4.47,-0.37,4.963,2.589,2.759,3.894,0.11,0.038,"2","none","thin ",118.87,"HD71685",127.07039,-14.58783
13,"HD65562",5018.0,4.51,-0.13,7.508,4.749,0.327,2.454,0.059,0.094,"2","none","hamr ",464.28,"HD65562",119.71741,-13.31522
220,"HD66221",5635.0,4.4,0.17,5.59,2.926,1.858,2.999,-0.035,0.034,"2","none","thin ",536.36,"HD66221",120.52235,-12.80462
110,"HD69830",5402.0,4.45,-0.06,6.508,4.429,0.719,2.598,-0.036,0.055,"2","nept","thin ",2012.16,"HD69830",124.59978,-12.63217
283,"HD78558",5711.0,4.34,-0.44,12.886,0.455,1.394,3.265,0.31,0.032,"2","none","thick",425.55,"HD78558",137.10516,-15.14479
663,"HD75881",6239.0,4.26,0.07,2.952,0.453,5.738,5.073,-0.021,0.043,"2","none","thin ",127.87,"HD75881",133.08505,-12.80869
401,"HD78612",5834.0,4.21,-0.24,10.214,0.804,1.542,3.809,0.07,0.029,"2","none","thin ",607.67,"HD78612",137.20745,-10.75751
366,"HD78538",5786.0,4.46,-0.03,2.103,1.889,3.076,3.191,-0.11,0.034,"2","none","thin ",355.16,"HD78538",137.19569,-5.11609
367,"HD76151",5788.0,4.44,0.12,1.568,1.421,1.059,3.236,-0.036,0.033,"2","none","thin ",325.58,"HD76151",133.57478,-5.43446
182,"HD74014",5561.0,4.34,0.22,6.275,3.106,1.581,3.0,0.005,0.036,"2","none","thin ",386.16,"HD74014",130.32734,-4.80894
388,"HD149747",5823.0,3.9,-0.34,3.233,0.088,3.971,4.401,0.035,0.045,"2","none","thin ",166.58,"HD149747",259.99782,-87.24295
165,"HD112540",5523.0,4.54,-0.17,5.2,4.017,1.789,2.547,0.094,0.046,"2","none","thin ",175.22,"HD112540",197.08594,-87.21931
158,"HD142022A",5508.0,4.38,0.19,6.394,3.7,1.536,2.848,-0.071,0.05,"2","jup ","thin ",249.1,"HD142022A",242.56261,-84.23161
621,"HD145344",6143.0,4.25,-0.68,9.253,0.825,1.389,4.711,0.132,0.051,"2","none","thin ",187.81,"HD145344",246.88478,-83.47597
373,"HD131218",5797.0,4.5,-0.06,2.267,2.044,2.54,3.137,0.112,0.036,"2","none","thin ",61.29,"HD131218",224.91344,-78.51086
59,"HD137388",5240.0,4.51,0.18,4.7,4.169,0.702,2.396,0.091,0.077,"2","jup ","thin ",243.85,"HD137388",233.91634,-80.20459
232,"HD115674",5649.0,4.47,-0.17,4.95,3.719,1.504,2.885,0.06,0.034,"2","none","thin ",249.88,"HD115674",200.7503,-81.31011
596,"HD123517",6082.0,3.96,0.09,2.478,0.222,5.65,5.067,-0.018,0.031,"2","none","thin ",209.56,"HD123517",213.49951,-78.89772
530,"HD122862",5982.0,4.14,-0.12,6.718,0.561,1.842,4.372,0.014,0.022,"2","none","thin ",1338.76,"HD122862",212.11318,-74.85029
459,"HD131664",5901.0,4.43,0.31,1.184,0.988,2.563,3.55,-0.052,0.032,"2","jup ","thin ",434.04,"HD131664",225.02533,-73.53534
218,"HD134606",5633.0,4.38,0.27,5.191,2.553,1.562,3.036,0.024,0.037,"2","jup ","thin ",505.93,"HD134606",228.81268,-70.51962
200,"HD131565",5612.0,4.47,-0.16,4.235,3.516,1.542,2.82,0.046,0.055,"2","none","thin ",108.3,"HD131565",224.53962,-68.59076
519,"HD150139",5968.0,4.2,-0.51,10.72,0.862,1.838,4.208,0.172,0.04,"2","none","thin ",243.79,"HD150139",251.36196,-71.83982
111,"HD144342",5403.0,4.52,0.07,3.487,3.313,2.798,2.458,0.002,0.051,"2","none","thin ",178.61,"HD144342",242.10887,-58.42953
15,"HD144628",5022.0,4.58,-0.45,7.901,4.404,0.223,2.311,0.307,0.087,"1-6757","none","thin ",961.94,"HD144628",242.42831,-56.44515
282,"HD115585",5711.0,4.25,0.35,5.425,1.237,1.771,3.445,-0.031,0.035,"2","none","thin ",339.24,"HD115585",199.96078,-70.85502
633,"HD128571",6159.0,4.26,-0.37,6.743,1.199,2.301,4.752,0.196,0.042,"2","none","thin ",70.61,"HD128571",220.16296,-65.41834
572,"HD125881",6036.0,4.38,0.06,1.278,1.09,2.055,4.068,-0.05,0.024,"2","none","thin ",584.19,"HD125881",216.19157,-63.70657
462,"HD126793",5904.0,4.36,-0.71,12.75,0.573,1.796,3.698,0.256,0.053,"2","none","thick",276.23,"HD126793",217.55274,-62.86235
138,"HD111232",5460.0,4.47,-0.43,12.349,0.953,1.374,2.612,0.244,0.051,"2","jup ","thick",589.39,"HD111232",192.21564,-68.42515
8,"HD106275",4978.0,4.5,-0.13,7.185,4.862,0.505,2.0,0.206,0.12,"2","none","thin ",259.72,"HD106275",183.46606,-69.06045
26,"HD109200",5056.0,4.51,-0.35,8.636,4.203,0.26,2.43,-0.01,0.13,"2","none","thin ",966.75,"HD109200",188.38076,-68.75581
208,"HD120344",5623.0,4.42,-0.19,9.612,2.807,1.844,2.939,0.184,0.035,"2","none","thin ",144.43,"HD120344",207.70151,-62.90521
46,"HD119782",5120.0,4.53,-0.07,6.542,4.769,0.895,2.362,0.074,0.083,"2","none","thin ",479.7,"HD119782",206.67511,-56.8501
562,"HD121504",6022.0,4.39,0.14,1.067,0.913,2.767,4.001,-0.074,0.021,"2","jup ","thin ",526.01,"HD121504",209.32183,-56.04004
517,"HD134060",5966.0,4.34,0.14,2.057,1.5,2.564,3.922,-0.07,0.022,"2","jup ","thin ",651.78,"HD134060",227.68643,-61.42232
176,"HD128674",5551.0,4.52,-0.38,9.748,3.233,0.73,2.626,0.043,0.066,"2","none","thin ",267.88,"HD128674",220.11776,-57.02956
222,"HD126525",5638.0,4.36,-0.1,8.37,3.122,1.54,3.085,0.042,0.03,"2","jup ","thin ",531.61,"HD126525",216.88738,-51.93309
17,"HD127124",5030.0,4.55,-0.03,5.034,4.471,0.505,2.366,-0.032,0.102,"2","none","thin ",218.48,"HD127124",217.81708,-51.38244
245,"HD136352",5664.0,4.38,-0.34,12.168,1.1,1.546,3.092,0.138,0.034,"2","nept","thick",881.57,"HD136352",230.45063,-48.31763
704,"HD135468",6417.0,4.0,-0.02,2.37,0.177,5.524,6.4,-0.123,0.038,"2","none","thin ",322.3,"HD135468",229.22902,-46.20236
2,"HD129642",4919.0,4.54,-0.09,6.348,4.757,0.501,2.0,0.052,0.102,"2","none","hamr ",823.08,"HD129642",221.29058,-49.91628
118,"HD132648",5418.0,4.54,-0.37,7.743,4.483,1.379,2.431,-0.007,0.065,"2","none","thin ",783.81,"HD132648",225.47194,-47.00747
661,"HD161566",6230.0,4.03,-0.28,4.006,0.44,2.568,5.496,0.091,0.023,"2","none","thin ",411.7,"HD161566",267.60658,-61.92462
234,"HD161256",5652.0,4.26,0.14,9.024,1.476,1.846,3.31,0.017,0.031,"2","none","hamr ",151.73,"HD161256",267.09254,-60.66072
509,"HD145666",5958.0,4.44,-0.04,1.59,1.363,2.055,3.697,-0.048,0.022,"2","none","thin ",667.24,"HD145666",243.76733,-56.37454
386,"HD145927",5819.0,4.36,-0.03,6.43,2.188,1.343,3.471,0.037,0.023,"2","none","thin ",130.36,"HD145927",244.02675,-52.81455
212,"HD147518",5626.0,4.4,-0.63,12.863,0.478,1.385,2.984,0.316,0.045,"2","none","thick",158.86,"HD147518",246.23483,-51.42895
117,"HD145598",5417.0,4.53,-0.78,13.183,0.0,1.382,2.45,0.512,0.062,"2","none","thick",200.08,"HD145598",243.54138,-50.78488
418,"HD151933",5849.0,4.23,-0.21,9.921,1.036,1.835,3.808,0.047,0.035,"2","none","thin ",127.73,"HD151933",253.28382,-51.7179
714,"HD151772",6631.0,4.47,-0.36,2.221,0.93,6.767,5.5,0.065,0.056,"2","none","thin ",198.3,"HD151772",252.97001,-49.11505
666,"HD148156",6251.0,4.33,0.25,0.8,0.578,5.65,4.984,-0.024,0.029,"2","jup ","thin ",453.2,"HD148156",247.07202,-46.31763
360,"HD160691",5780.0,4.23,0.3,5.124,1.122,2.329,3.637,-0.045,0.033,"2","jup ","thin ",2007.01,"HD160691",266.03627,-51.83405
465,"HD156411",5910.0,3.92,-0.11,3.793,0.046,2.648,4.595,0.018,0.022,"2","jup ","thin ",659.56,"HD156411",259.96417,-48.54932
601,"HD162396",6090.0,4.15,-0.35,7.224,0.557,0.766,4.715,0.0,0.03,"2","none","thin ",1017.71,"HD162396",268.2191,-41.99652
591,"HD153950",6074.0,4.27,-0.01,4.676,0.932,3.111,4.418,-0.09,0.022,"2","jup ","thin ",556.18,"HD153950",256.12863,-43.30977
174,"HD157830",5540.0,4.51,-0.25,5.834,4.283,0.855,2.63,-0.104,0.084,"2","none","thin ",465.17,"HD157830",261.84147,-38.06145
569,"HD157338",6027.0,4.34,-0.08,4.284,1.664,1.843,4.118,-0.016,0.022,"2","none","thin ",1274.22,"HD157338",261.03642,-34.79845
510,"HD154195A",5961.0,4.39,-0.19,5.043,2.362,2.655,3.806,0.082,0.032,"2","none","thin ",182.5,"HD154195",256.34359,-33.77035
708,"HD156098",6517.0,3.91,0.18,1.602,0.08,7.208,5.5,-0.131,0.036,"2","none","thin ",510.54,"HD156098",259.26519,-32.66284
507,"HD143638",5954.0,4.39,-0.27,7.537,1.895,2.097,3.785,0.113,0.026,"2","none","thin ",239.96,"HD143638",240.97325,-50.94272
5,"HD330075",4958.0,4.42,0.05,6.685,4.891,0.734,2.0,0.098,0.106,"2","jup ","hamr ",401.83,"HD330075",237.40706,-49.96352
329,"HD140785",5756.0,4.08,-0.05,7.754,0.301,1.861,3.882,-0.069,0.032,"2","none","thin ",140.99,"HD140785",236.80359,-42.20472
544,"HD135625",6003.0,4.22,0.12,4.365,0.874,3.595,4.279,-0.043,0.022,"2","none","thin ",405.14,"HD135625",229.4517,-45.92242
199,"HD140901",5610.0,4.46,0.09,3.198,2.762,2.557,2.837,-0.041,0.033,"2","none","thin ",774.1,"HD140901",236.87125,-37.91631
240,"HD149396",5657.0,4.46,0.19,2.18,1.967,2.098,2.919,-0.007,0.033,"2","none","thin ",465.72,"HD149396",248.98184,-37.36306
424,"HD147513",5858.0,4.44,0.03,1.605,1.44,2.07,3.412,-0.097,0.028,"2","jup ","thin ",1097.68,"HD147513",246.00538,-39.19298
622,"HD152433",6144.0,4.35,-0.1,3.623,1.403,1.843,4.514,0.034,0.031,"2","none","thin ",114.23,"HD152433",253.6686,-32.19016
97,"HD154088",5374.0,4.43,0.28,5.501,4.067,1.056,2.616,0.063,0.061,"2","nept","thin ",684.78,"HD154088",256.11601,-28.58268
393,"HD150437",5826.0,4.24,0.3,4.425,1.126,2.768,3.729,-0.066,0.032,"2","none","thin ",127.24,"HD150437",250.53045,-29.12499
709,"HD143790",6557.0,3.8,-0.06,1.882,0.079,6.444,5.5,-0.072,0.035,"2","none","thin ",457.71,"HD143790",240.89316,-32.00053
628,"HD144880",6152.0,4.24,-0.3,6.407,0.799,2.325,4.765,-0.013,0.036,"2","none","thin ",121.2,"HD144880",242.29635,-32.10034
605,"HD144846",6102.0,4.4,0.13,0.917,0.751,1.561,4.258,0.025,0.027,"2","none","thin ",92.7,"HD144846",242.26765,-30.2587
354,"HD143114",5775.0,4.35,-0.41,12.34,0.923,1.387,3.385,0.215,0.031,"2","none","thick",308.28,"HD143114",239.90945,-29.63256
698,"HD144589",6372.0,4.05,-0.05,2.762,0.398,5.139,6.084,-0.021,0.036,"2","none","thin ",249.85,"HD144589",241.91174,-29.96247
581,"HD145377",6054.0,4.42,0.12,0.857,0.732,3.605,4.049,-0.082,0.021,"2","jup ","thin ",698.41,"HD145377",242.90186,-27.07818
499,"HD148211",5948.0,4.28,-0.62,12.123,0.804,0.76,3.987,0.175,0.043,"2","none","thick",779.67,"HD148211",246.80375,-22.1268
672,"HD108147",6260.0,4.29,0.18,0.664,0.518,5.603,5.102,-0.136,0.029,"2","jup ","thin ",916.02,"HD108147",186.44278,-64.02209
247,"HD111777",5666.0,4.45,-0.68,12.922,0.414,1.822,2.956,0.311,0.058,"2","none","thick",309.55,"HD111777",193.04852,-56.57444
555,"HD106290",6012.0,4.45,0.13,1.139,0.983,2.015,3.848,0.075,0.029,"2","none","thin ",69.08,"HD106290",183.46989,-55.2074
652,"HD105938",6208.0,4.11,0.03,3.186,0.476,4.66,5.246,-0.122,0.03,"2","none","thin ",215.96,"HD105938",182.9088,-54.41764
539,"HD117618",5990.0,4.32,0.03,3.905,1.603,2.605,4.037,-0.005,0.02,"2","jup ","thin ",613.22,"HD117618",203.10648,-47.27136
278,"HD114853",5705.0,4.42,-0.23,9.303,2.751,1.541,3.093,0.001,0.033,"2","none","thin ",1124.78,"HD114853",198.46761,-45.1858
430,"HD124785",5867.0,4.14,-0.56,8.009,0.217,3.92,4.036,0.247,0.04,"2","none","thick",397.18,"HD124785",214.23916,-50.28136
191,"HD124364",5584.0,4.49,-0.27,6.284,4.177,1.839,2.735,-0.046,0.05,"2","none","thin ",451.62,"HD124364",213.60344,-48.14664
665,"HD119629",6250.0,3.99,-0.17,3.205,0.326,3.685,5.66,0.02,0.029,"2","none","thin ",197.81,"HD119629",206.36384,-48.79166
483,"HD123651",5926.0,4.47,-0.48,9.659,2.273,2.255,3.542,0.026,0.058,"2","none","thin ",116.71,"HD123651",212.52005,-46.26945
6,"HD130930",4963.0,4.56,-0.01,6.54,4.754,0.507,2.0,0.168,0.116,"2","none","hamr ",293.64,"HD130930",223.0739,-43.81819
353,"HD108309",5775.0,4.19,0.12,7.489,1.047,0.908,3.705,0.01,0.023,"2","none","thin ",698.76,"HD108309",186.70059,-48.91319
183,"HD107094",5562.0,4.55,-0.51,8.567,4.049,1.542,2.582,0.075,0.074,"2","none","thin ",287.16,"HD107094",184.73529,-45.88155
445,"HD109409",5886.0,4.09,0.33,3.687,0.594,2.57,4.188,-0.08,0.03,"2","none","thin ",597.53,"HD109409",188.67664,-44.67302
688,"HD115773",6312.0,4.02,-0.08,2.961,0.392,1.816,5.869,-0.076,0.027,"2","none","thin ",237.64,"HD115773",199.9929,-41.19066
311,"HD114613",5729.0,3.94,0.19,4.45,0.495,1.844,4.103,-0.071,0.021,"2","jup ","thin ",2005.8,"HD114613",198.01326,-37.80302
345,"HD113679",5768.0,4.22,-0.61,13.016,0.315,1.842,3.629,0.323,0.036,"2","none","halo ",192.95,"HD113679",196.4701,-38.51666
463,"HD105837",5907.0,4.47,-0.51,10.245,2.072,1.854,3.487,0.104,0.044,"2","none","thin ",394.32,"HD105837",182.74139,-46.32198
230,"HD109723",5647.0,4.46,-0.04,2.582,2.432,2.841,2.901,0.094,0.05,"2","none","thin ",65.02,"HD109723",189.28531,-41.99539
595,"HD108063",6081.0,3.99,0.55,1.856,0.108,4.847,5.003,-0.111,0.049,"2","none","thin ",221.59,"HD108063",186.28549,-42.51431
504,"HD104760A",5953.0,4.34,0.12,1.987,1.541,2.766,3.882,-0.032,0.023,"2","none","thin ",122.81,"HD104760",180.94289,-44.12281
202,"HD110619",5613.0,4.51,-0.41,8.925,3.636,0.833,2.742,0.019,0.048,"2","none","thin ",373.56,"HD110619",190.92802,-37.70814
419,"HD110668",5850.0,4.39,0.17,2.954,1.972,1.947,3.491,0.037,0.032,"2","none","thin ",106.52,"HD110668",190.99318,-35.12311
40,"HD109988",5100.0,4.44,0.13,7.403,4.801,0.585,2.549,0.209,0.086,"2","none","thin ",220.05,"HD109988",189.81569,-32.72608
250,"HD117207",5667.0,4.31,0.22,5.105,2.497,1.581,3.238,-0.076,0.032,"2","jup ","thin ",252.6,"HD117207",202.33797,-35.571
397,"HD114561",5829.0,4.45,-0.07,3.808,2.661,2.057,3.317,0.001,0.03,"2","none","thin ",130.45,"HD114561",197.93816,-35.61871
409,"HD114729",5844.0,4.13,-0.28,9.048,0.412,0.786,3.995,0.031,0.027,"2","jup ","thin ",977.81,"HD114729",198.18441,-31.87335
32,"HD114747",5086.0,4.53,0.21,5.87,4.754,0.679,2.375,0.29,0.129,"2","none","hamr ",685.97,"HD114747",198.22626,-30.71176
547,"HD111564",6004.0,4.27,0.07,3.055,1.61,1.844,4.182,-0.032,0.02,"2","none","thin ",299.75,"HD111564",192.5841,-30.57709
448,"HD117105",5889.0,4.34,-0.29,10.079,1.484,1.381,3.696,0.011,0.03,"2","none","thin ",467.32,"HD117105",202.1273,-27.39185
363,"HD134702",5782.0,4.46,-0.04,3.495,2.676,2.567,3.182,0.034,0.032,"2","none","thin ",126.53,"HD134702",228.12641,-35.91894
189,"HD138549",5582.0,4.45,0.0,4.182,3.386,1.851,2.812,0.021,0.03,"2","none","thin ",659.61,"HD138549",233.47316,-31.01905
427,"HD134664",5865.0,4.46,0.1,1.688,1.47,1.538,3.391,-0.032,0.023,"2","none","thin ",381.34,"HD134664",228.04314,-30.88629
114,"HD136894",5412.0,4.41,-0.1,8.701,3.96,0.589,2.686,-0.039,0.065,"2","none","thin ",935.91,"HD136894",231.01012,-27.30522
317,"HD134987",5740.0,4.27,0.25,5.797,1.479,2.305,3.467,0.004,0.035,"2","jup ","thin ",1312.24,"HD134987",228.36945,-25.30935
253,"HD131183",5670.0,4.23,0.09,9.476,1.265,1.843,3.404,-0.009,0.023,"2","none","hamr ",194.86,"HD131183",223.15451,-25.45476
679,"HD141597",6285.0,4.18,-0.4,5.509,1.087,2.272,5.43,0.257,0.051,"2","none","thick",109.33,"HD141597",237.66604,-23.25819
357,"HD145809",5778.0,4.11,-0.25,8.967,0.296,1.381,3.872,0.046,0.028,"2","none","thin ",555.52,"HD145809",243.4181,-21.39996
452,"HD141937",5893.0,4.38,0.13,1.568,1.337,2.441,3.627,-0.009,0.024,"2","jup ","thin ",263.32,"HD141937",238.07312,-18.43605
638,"HD123619",6166.0,4.3,-0.32,6.312,1.066,3.229,4.699,0.225,0.038,"2","none","thin ",77.36,"HD123619",212.30502,-22.53756
670,"HD128340",6259.0,4.46,-0.55,3.964,2.153,1.839,4.758,0.134,0.051,"2","none","thin ",177.67,"HD128340",219.25161,-24.03841
702,"HD130989",6414.0,4.02,-0.23,3.042,0.381,4.586,6.346,0.019,0.038,"2","none","thin ",228.48,"HD130989",222.89565,-17.79037
644,"HD129829",6196.0,4.5,-0.16,1.538,1.292,3.211,4.417,0.034,0.043,"2","none","thin ",96.15,"HD129829",221.32771,-18.00289
692,"HD119949",6359.0,4.24,-0.41,5.075,0.722,2.617,5.644,-0.006,0.036,"2","none","thin ",272.31,"HD119949",206.69021,-20.85256
470,"HD125612",5913.0,4.36,0.24,1.351,1.127,3.202,3.724,-0.124,0.022,"2","jup ","thin ",482.06,"HD125612",215.22299,-17.48152
29,"HD124106",5067.0,4.62,-0.17,5.966,4.65,0.685,2.204,-0.096,0.141,"2","none","thin ",361.54,"HD124106",212.94239,-12.61177
1,"HD136713",4911.0,4.51,0.08,5.38,4.731,0.6,2.0,0.227,0.177,"2","none","thin ",626.86,"HD136713",230.6529,-10.66113
650,"HD139879",6203.0,4.45,0.3,0.619,0.47,2.801,4.546,-0.08,0.038,"2","none","thin ",102.32,"HD139879",235.23066,-8.99857
256,"HD134088",5675.0,4.45,-0.75,13.046,0.284,1.386,2.973,0.423,0.064,"2","none","thick",311.59,"HD134088",227.05236,-7.9132
78,"HD131653",5324.0,4.61,-0.66,12.375,0.929,0.593,2.225,0.222,0.167,"2","none","thick",186.37,"HD131653",223.77949,-9.09731
399,"HD129191",5832.0,4.34,0.24,2.573,1.772,1.847,3.544,-0.05,0.03,"2","none","thin ",211.69,"HD129191",220.31742,-4.94487
453,"HD222669",5894.0,4.39,0.05,1.862,1.588,2.568,3.61,-0.046,0.022,"2","none","thin ",938.78,"HD222669",355.98901,-82.5085
414,"HD221420",5847.0,3.97,0.33,3.695,0.507,1.579,4.323,-0.106,0.029,"2","none","thin ",1621.09,"HD221420",353.33158,-77.38533
674,"HD212301",6271.0,4.36,0.18,0.55,0.428,5.695,5.009,-0.066,0.027,"2","jup ","thin ",309.14,"HD212301",336.87884,-77.71792
248,"HD207700",5666.0,4.28,0.04,9.869,1.629,0.64,3.296,0.045,0.026,"2","none","hamr ",544.43,"HD207700",328.68835,-73.43848
577,"HD171990",6045.0,4.03,0.06,3.692,0.523,2.304,4.798,-0.009,0.02,"2","none","thin ",1199.66,"HD171990",281.95471,-77.86825
129,"HD205536",5442.0,4.42,-0.05,7.362,4.336,0.779,2.694,0.058,0.04,"2","none","thin ",296.69,"HD205536",325.12406,-74.07428
484,"HD199190",5926.0,4.18,0.15,4.912,0.902,1.388,4.122,-0.027,0.019,"2","none","thin ",1222.57,"HD199190",315.02415,-69.57943
629,"HD199868",6152.0,4.31,-0.13,4.329,1.136,0.738,4.625,0.007,0.028,"2","none","thin ",149.59,"HD199868",315.94548,-68.0718
617,"HD220367",6128.0,4.24,-0.21,6.003,0.848,0.692,4.674,0.02,0.034,"2","none","thin ",224.31,"HD220367",351.07845,-72.1652
693,"HD221638",6360.0,4.3,-0.21,2.228,1.378,5.067,5.528,0.004,0.052,"2","none","thin ",262.7,"HD221638",353.64407,-70.96312
671,"HD215906",6259.0,4.38,-0.28,4.534,1.346,5.346,4.918,0.123,0.055,"2","none","thin ",117.62,"HD215906",342.52105,-66.05047
493,"HD218379",5938.0,4.03,0.15,3.972,0.536,3.085,4.457,-0.027,0.029,"2","none","thin ",302.23,"HD218379",347.15241,-63.87158
449,"HD218340",5889.0,4.35,0.09,1.583,1.405,2.769,3.676,-0.092,0.038,"2","none","thin ",103.47,"HD218340",347.05154,-63.62816
167,"HD207869",5527.0,4.52,-0.45,9.926,3.166,1.38,2.593,0.055,0.061,"2","none","thin ",387.8,"HD207869",328.79358,-69.02062
515,"HD211317",5965.0,4.21,0.27,3.408,0.672,3.081,4.179,-0.048,0.029,"2","none","thin ",159.79,"HD211317",334.70691,-68.3131
571,"HD204385",6033.0,4.33,0.07,2.769,1.524,2.568,4.158,-0.009,0.02,"2","none","thin ",281.28,"HD204385",322.69971,-62.1676
39,"HD212580",5099.0,4.51,-0.1,5.644,4.613,0.5,2.41,-0.166,0.211,"2","none","thin ",292.75,"HD212580",336.75997,-62.5246
456,"HD177409",5898.0,4.42,-0.04,2.321,1.93,2.068,3.561,-0.042,0.024,"2","none","thin ",533.26,"HD177409",287.47731,-68.29969
244,"HD186302",5662.0,4.43,-0.03,4.94,3.378,2.303,2.989,0.114,0.027,"2","none","thin ",72.96,"HD186302",297.27679,-70.18797
209,"HD188748",5623.0,4.43,-0.12,7.69,3.628,1.531,2.919,-0.106,0.037,"2","none","thin ",448.01,"HD188748",300.46687,-69.18794
686,"HD192865",6307.0,4.24,0.13,2.464,0.295,5.043,5.407,-0.027,0.038,"2","none","thin ",188.22,"HD192865",305.39861,-67.31284
305,"HD189567",5726.0,4.38,-0.24,10.578,2.038,0.841,3.216,0.026,0.033,"2","nept","thin ",2006.99,"HD189567",301.38652,-67.3209
197,"HD190248",5604.0,4.26,0.33,6.294,2.139,1.507,3.227,-0.012,0.049,"2","none","thin ",1239.71,"HD190248",302.18171,-66.18207
548,"HD190984",6007.0,3.92,-0.49,4.663,0.163,2.302,4.892,-0.042,0.041,"2","jup ","thin ",688.32,"HD190984",302.87798,-64.62047
211,"HD195145",5625.0,4.41,0.17,3.973,2.883,1.538,2.962,-0.028,0.031,"2","none","thin ",282.03,"HD195145",308.25145,-62.49637
102,"HD175607",5392.0,4.57,-0.62,12.501,0.855,1.285,2.349,0.305,0.084,"2","nept","thick",246.4,"HD175607",285.27287,-66.19268
204,"HD171942",5615.0,4.42,-0.1,8.492,3.254,1.843,2.925,-0.059,0.045,"2","none","thin ",120.7,"HD171942",280.51186,-64.32354
606,"HD176666",6103.0,4.51,-0.37,4.111,2.406,3.221,4.042,0.058,0.045,"2","none","thin ",148.87,"HD176666",286.337,-61.69011
336,"HD199847",5763.0,4.18,-0.54,12.9,0.402,1.82,3.698,0.22,0.041,"2","none","thick",210.07,"HD199847",315.66257,-61.88055
480,"HD196050",5917.0,4.24,0.23,4.303,0.912,2.768,3.975,-0.028,0.028,"2","jup ","thin ",1193.31,"HD196050",309.46546,-60.63449
163,"HD206163",5519.0,4.45,0.01,3.308,3.034,1.54,2.722,-0.015,0.039,"2","none","thin ",154.4,"HD206163",325.56894,-57.61295
387,"HD206998",5822.0,4.19,-0.69,12.862,0.413,1.802,3.819,0.291,0.05,"2","none","thick",224.53,"HD206998",326.93337,-55.6546
685,"HD203335",6306.0,4.36,-0.04,2.045,1.092,2.269,5.162,0.021,0.041,"2","none","thin ",147.35,"HD203335",320.9165,-55.54302
319,"HD204287",5743.0,4.12,-0.04,8.529,0.44,1.541,3.773,-0.007,0.026,"2","none","thin ",284.12,"HD204287",322.31032,-50.31684
486,"HD199289",5928.0,4.56,-0.98,12.313,0.933,1.469,3.367,0.359,0.125,"2","none","thick",201.48,"HD199289",314.53552,-48.20374
323,"HD199288",5746.0,4.43,-0.63,12.563,0.749,1.8,3.16,0.224,0.078,"2","none","thick",450.25,"HD199288",314.41695,-44.12937
352,"HD224393",5774.0,4.5,-0.38,5.655,3.713,0.692,3.083,0.04,0.045,"2","none","thin ",354.29,"HD224393",359.39769,-65.77556
153,"HD224685",5504.0,4.5,-0.4,6.676,4.565,0.881,2.603,-0.27,0.077,"1-6757","none","thin ",315.13,"HD224685",359.97946,-64.37231
699,"HD221287",6374.0,4.39,0.04,0.524,0.409,3.862,5.414,-0.125,0.029,"2","jup ","thin ",381.23,"HD221287",352.83474,-58.20973
90,"HD219077",5362.0,4.06,-0.13,8.652,0.255,0.674,3.348,-0.069,0.045,"2","jup ","hamr ",326.0,"HD219077",348.52745,-62.7
146,"HD219249",5482.0,4.53,-0.4,8.595,4.134,0.588,2.517,0.012,0.061,"2","none","thin ",729.59,"HD219249",348.79034,-56.72922
415,"HD221343",5848.0,4.48,0.11,1.158,1.045,1.845,3.306,-0.03,0.027,"2","none","thin ",123.9,"HD221343",352.93443,-53.76995
76,"HD221580",5322.0,2.75,-1.13,7.177,2.859,0.619,5.944,0.296,0.059,"2","none","halo ",649.58,"HD221580",353.41731,-53.65814
231,"HD222595",5648.0,4.45,0.01,3.086,2.645,1.858,2.923,0.006,0.029,"2","none","thin ",728.84,"HD222595",355.55275,-53.42332
274,"HD220507",5698.0,4.27,0.01,9.926,1.467,1.536,3.378,0.042,0.025,"2","none","hamr ",725.64,"HD220507",351.17548,-52.70188
171,"HD213941",5532.0,4.43,-0.46,12.811,0.536,0.819,2.779,0.289,0.044,"2","none","thick",327.74,"HD213941",339.0321,-54.61062
421,"HD211415",5850.0,4.33,-0.21,8.235,2.154,2.055,3.611,0.006,0.032,"2","none","thin ",301.21,"HD211415",334.56506,-53.62707
288,"HD210272",5713.0,4.11,-0.22,7.798,0.182,1.384,3.729,0.054,0.035,"2","none","thin ",146.05,"HD210272",332.70695,-55.45713
369,"HD215456",5789.0,4.06,-0.09,7.49,0.264,0.681,3.998,-0.003,0.025,"2","jup ","thin ",1480.5,"HD215456",341.53348,-48.97882
550,"HD216435",6008.0,4.1,0.24,3.366,0.484,5.136,4.535,-0.064,0.042,"2","jup ","thin ",1250.46,"HD216435",343.40805,-48.59828
531,"HD213240",5982.0,4.18,0.14,4.4,0.818,3.089,4.292,-0.089,0.021,"2","jup ","thin ",320.84,"HD213240",337.75153,-49.43327
14,"HD212918",5019.0,4.62,-0.24,6.265,4.81,0.358,2.233,0.108,0.108,"2","none","thin ",200.34,"HD212918",337.20018,-49.5853
264,"HD212708",5681.0,4.33,0.27,4.899,2.279,1.54,3.225,-0.01,0.033,"2","none","thin ",1033.93,"HD212708",336.85287,-49.36594
681,"HD214094",6288.0,4.08,-0.01,2.99,0.441,3.681,5.643,-0.014,0.027,"2","none","thin ",332.18,"HD214094",339.17764,-43.47097
407,"HD223171",5841.0,4.14,0.12,5.981,1.118,1.841,3.967,-0.03,0.022,"2","none","thin ",1581.08,"HD223171",356.83678,-48.27559
478,"HD217395",5916.0,4.44,-0.13,3.106,2.28,1.843,3.573,0.182,0.023,"2","none","thin ",241.87,"HD217395",345.20073,-39.89495
379,"HD214867",5807.0,4.61,0.01,1.317,1.27,5.427,2.942,-0.119,0.052,"2","none","thin ",122.31,"HD214867",340.43947,-39.46164
348,"HD216008",5773.0,4.34,-0.04,7.341,2.273,1.894,3.401,0.078,0.024,"2","none","thin ",136.03,"HD216008",342.44209,-37.85447
446,"HD220456",5887.0,4.43,-0.02,2.194,1.843,3.079,3.511,-0.004,0.032,"2","none","thin ",171.19,"HD220456",351.01459,-34.30028
678,"HD220894",6282.0,4.41,0.02,1.151,0.874,3.24,4.957,0.045,0.03,"2","none","thin ",249.26,"HD220894",351.90621,-33.62803
710,"HD205591",6575.0,4.43,-0.08,0.941,0.678,7.788,5.5,-0.012,0.05,"2","none","thin ",311.62,"HD205591",324.42991,-45.5859
492,"HD207129",5937.0,4.41,0.0,2.087,1.748,2.069,3.694,-0.09,0.025,"2","none","thin ",2013.68,"HD207129",327.06563,-47.30362
25,"HD209742",5054.0,4.51,-0.17,7.129,4.807,0.268,2.431,-0.129,0.192,"2","none","thin ",429.37,"HD209742",331.6929,-45.39244
328,"HD210918",5755.0,4.31,-0.09,,,1.35,3.42,0.037,0.024,"2","none","thin ",1470.85,"HD210918",333.66106,-41.38166
268,"HD212036",5687.0,4.39,-0.01,5.69,3.245,1.54,3.117,0.105,0.025,"2","none","thin ",151.83,"HD212036",335.55681,-39.82015
423,"HD209449",5854.0,4.1,0.41,3.576,0.603,1.86,4.081,-0.074,0.032,"2","none","thin ",245.34,"HD209449",331.09435,-38.87632
583,"HD202871",6055.0,4.43,-0.09,1.794,1.46,3.129,4.032,0.036,0.025,"2","none","thin ",344.94,"HD202871",320.02032,-42.67869
229,"HD203432",5645.0,4.38,0.29,2.589,2.141,2.304,3.057,-0.018,0.034,"2","none","thin ",1150.55,"HD203432",320.84402,-41.55251
551,"HD202209",6009.0,4.58,-0.01,1.08,0.984,4.352,3.578,-0.051,0.045,"2","none","thin ",114.64,"HD202209",318.90012,-39.45276
624,"HD208487",6146.0,4.34,0.08,1.325,1.007,3.688,4.542,-0.05,0.024,"2","jup ","thin ",949.26,"HD208487",329.3327,-37.76362
151,"HD209566",5500.0,4.41,0.12,6.252,3.888,1.436,2.778,-0.041,0.041,"2","none","thin ",181.81,"HD209566",331.27393,-35.18173
696,"HD205294",6370.0,4.07,-0.25,3.612,0.515,3.683,6.035,0.064,0.03,"2","none","thin ",480.8,"HD205294",323.80705,-34.32971
177,"HD213628",5555.0,4.46,0.01,4.951,3.736,1.53,2.751,-0.042,0.034,"2","none","thin ",200.4,"HD213628",338.37785,-35.44455
139,"HD214759",5461.0,4.41,0.18,3.855,3.351,1.539,2.733,-0.022,0.053,"2","none","thin ",338.55,"HD214759",340.22988,-31.99006
120,"HD216770",5424.0,4.43,0.24,4.265,3.699,1.537,2.657,0.047,0.068,"2","jup ","thin ",538.25,"HD216770",343.97378,-26.65876
51,"HD208272",5167.0,4.51,-0.07,5.696,4.659,1.54,2.393,0.075,0.087,"2","none","thin ",812.14,"HD208272",328.92498,-29.70614
178,"HD207970",5556.0,4.4,0.07,8.932,2.8,1.585,2.873,0.021,0.035,"2","none","hamr ",299.97,"HD207970",328.42422,-28.67061
236,"HD214385",5654.0,4.42,-0.34,10.587,2.289,1.821,2.994,0.137,0.03,"2","none","thin ",225.92,"HD214385",339.54592,-27.44344
334,"HD212231",5762.0,4.16,-0.3,11.69,0.715,1.817,3.736,0.113,0.032,"2","none","thick",136.46,"HD212231",335.81031,-25.84229
402,"HD167300",5837.0,4.24,-0.45,12.051,0.724,1.384,3.757,0.154,0.035,"2","none","thick",255.8,"HD167300",274.68573,-61.93524
66,"HD176354",5271.0,3.93,0.27,5.408,0.264,0.656,3.563,0.019,0.058,"2","none","hamr ",504.3,"HD176354",285.80096,-56.99667
57,"HD174545",5216.0,4.5,0.22,4.978,4.323,0.682,2.412,0.125,0.085,"2","none","thin ",303.83,"HD174545",283.4886,-54.90628
308,"HD178904",5727.0,4.38,0.09,5.525,2.564,1.543,3.219,0.053,0.025,"2","none","thin ",159.51,"HD178904",288.25376,-49.90283
123,"HD190954",5430.0,4.51,-0.41,12.244,1.041,0.751,2.502,0.258,0.069,"2","none","thick",225.99,"HD190954",302.45068,-51.71824
19,"HD191797",5037.0,4.62,-0.09,4.588,4.318,4.1,2.221,-0.07,0.154,"2","none","thin ",321.33,"HD191797",303.45751,-47.61523
656,"HD188815",6217.0,4.17,-0.53,7.352,1.105,1.839,5.162,0.076,0.046,"2","none","thin ",133.97,"HD188815",299.74392,-46.08804
223,"HD190647",5639.0,4.17,0.23,8.092,1.126,1.576,3.467,-0.048,0.031,"2","jup ","hamr ",306.66,"HD190647",301.83196,-35.53863
339,"HIP99606B",5764.0,4.15,-0.41,12.19,0.687,2.085,3.76,0.187,0.034,"2","none","thick",74.07,"HIP99606",303.20893,-34.90213
532,"HD168871",5983.0,4.33,-0.09,5.781,1.414,2.598,3.995,-0.007,0.024,"2","none","thin ",762.56,"HD168871",276.13807,-49.65288
228,"HD172643",5645.0,4.49,-0.15,3.499,3.055,1.989,2.837,-0.084,0.058,"2","none","thin ",111.76,"HD172643",280.90986,-45.824
79,"HD168870",5325.0,4.5,-0.32,8.503,4.352,0.61,2.445,0.253,0.057,"2","none","thin ",213.35,"HD168870",276.0627,-46.94318
645,"HD174153",6196.0,4.33,-0.08,3.347,1.144,2.602,4.757,0.0,0.031,"2","none","thin ",172.89,"HD174153",282.83218,-44.4757
214,"HD177565",5627.0,4.39,0.08,4.085,3.068,0.745,3.006,0.014,0.028,"2","none","thin ",1462.73,"HD177565",286.7186,-37.81066
37,"HD166724",5099.0,4.56,-0.09,5.559,4.635,0.501,2.31,-0.088,0.166,"1-6743","jup ","thin ",484.94,"HD166724",273.49865,-42.57538
89,"HD168769",5361.0,4.51,-0.01,4.541,3.987,3.227,2.447,-0.052,0.054,"2","none","thin ",192.09,"HD168769",275.83181,-39.52
150,"HD172513",5500.0,4.44,-0.05,4.965,3.936,1.586,2.718,-0.142,0.044,"2","none","thin ",1040.45,"HD172513",280.50982,-34.46633
187,"HD185615",5570.0,4.35,0.08,9.108,2.502,0.771,2.993,0.034,0.034,"2","none","hamr ",625.08,"HD185615",295.30698,-32.87336
372,"HD181720",5792.0,4.21,-0.53,11.979,0.466,0.866,3.705,0.237,0.033,"2","jup ","thick",695.5,"HD181720",290.72077,-32.91905
561,"HD177122",6021.0,4.42,-0.1,2.384,1.781,2.758,3.938,0.012,0.028,"2","none","thin ",169.28,"HD177122",286.17282,-31.37269
627,"HD181428",6151.0,4.31,0.06,3.535,0.69,5.181,4.621,0.005,0.035,"2","none","thin ",261.32,"HD181428",290.41403,-29.60547
680,"HD179949",6287.0,4.34,0.21,0.516,0.383,6.451,5.119,-0.099,0.03,"2","jup ","thin ",536.03,"HD179949",288.88846,-24.17935
105,"HD197823",5396.0,4.47,0.12,4.501,3.832,1.54,2.553,0.022,0.047,"2","none","thin ",713.91,"HD197823",311.81925,-35.15409
10,"HD200143",4998.0,4.55,0.01,6.103,4.737,2.555,2.0,0.057,0.102,"1-6757","none","thin ",326.69,"HD200143",315.6717,-34.81293
575,"HD200538",6042.0,4.27,0.1,3.827,1.01,3.455,4.308,-0.039,0.022,"2","none","thin ",354.35,"HD200538",316.27047,-32.82617
316,"HD197083",5735.0,4.47,-0.45,11.064,1.916,1.839,3.056,0.078,0.042,"2","none","thin ",353.37,"HD197083",310.61447,-33.32865
382,"HD199604",5817.0,4.29,-0.62,12.813,0.508,1.813,3.606,0.239,0.052,"2","none","thick",301.09,"HD199604",314.77199,-25.38083
406,"HD201422",5841.0,4.57,-0.16,2.109,1.983,4.17,3.107,0.135,0.042,"2","none","thin ",81.79,"HD201422",317.53303,-24.82311
523,"HD201496",5974.0,4.35,-0.04,5.327,1.514,2.304,3.927,-0.001,0.034,"2","none","thin ",95.96,"HD201496",317.66946,-23.31153
563,"HD197300",6022.0,4.59,0.02,0.837,0.74,4.7,3.601,-0.068,0.046,"2","none","thin ",105.83,"HD197300",310.89221,-24.69172
552,"HD196800",6010.0,4.27,0.19,2.941,1.179,3.082,4.201,-0.046,0.022,"2","none","thin ",265.23,"HD196800",310.09306,-24.11803
295,"HD207832",5718.0,4.42,0.15,1.994,1.79,2.765,3.119,0.057,0.042,"2","jup ","thin ",106.94,"HD207832",328.15117,-26.02656
640,"HD207190",6178.0,4.18,-0.42,6.9,0.653,2.301,4.986,0.069,0.034,"2","none","thin ",268.5,"HD207190",326.91728,-19.57782
356,"HD204313",5776.0,4.34,0.18,3.873,2.22,0.846,3.408,-0.072,0.029,"2","jup ","thin ",873.23,"HD204313",322.05086,-21.72625
9,"HD204941",4997.0,4.52,-0.2,7.261,4.81,0.5,2.0,0.115,0.202,"2","jup ","thin ",281.47,"HD204941",323.09796,-20.95742
331,"HD202206",5757.0,4.43,0.29,1.606,1.411,2.566,3.184,-0.081,0.032,"2","jup ","thin ",1129.88,"HD202206",318.7407,-20.78921
549,"HD208068",6007.0,4.54,-0.38,3.905,2.624,5.136,3.652,0.012,0.046,"2","none","thin ",243.35,"HD208068",328.51611,-17.16147
172,"HD207583",5534.0,4.48,0.01,2.653,2.565,2.567,2.682,-0.058,0.045,"2","none","thin ",199.98,"HD207583",327.59626,-16.19653
394,"HD208704",5826.0,4.33,-0.09,8.163,1.735,1.542,3.549,-0.008,0.026,"2","none","thin ",396.95,"HD208704",329.60136,-12.66466
38,"HD192310",5099.0,4.56,-0.03,5.219,4.612,0.493,2.31,0.044,0.105,"2","nept","hamr ",1367.28,"HD192310",303.82247,-27.03298
527,"HD193193",5979.0,4.31,-0.05,5.794,1.246,2.058,4.022,0.011,0.02,"2","none","thin ",692.88,"HD193193",304.93827,-25.2286
651,"HD191033",6206.0,4.31,-0.19,3.575,1.621,5.175,4.838,0.092,0.043,"2","none","thin ",103.84,"HD191033",302.14955,-23.59054
116,"HD196761",5415.0,4.48,-0.31,9.192,3.917,0.735,2.549,0.028,0.062,"2","none","thin ",722.98,"HD196761",310.04898,-23.77387
713,"HD196384",6611.0,4.46,-0.13,0.781,0.607,4.185,5.5,-0.081,0.051,"2","none","thin ",94.26,"HD196384",309.43101,-22.44286
590,"HD196892",6072.0,4.38,-0.89,11.969,1.142,2.606,4.191,0.102,0.149,"2","none","thick",150.62,"HD196892",310.20575,-18.79258
411,"HD189625",5846.0,4.37,0.18,1.605,1.387,2.843,3.52,-0.137,0.035,"2","none","thin ",720.51,"HD189625",300.38667,-16.869
390,"HD190524",5825.0,4.45,-0.13,3.706,2.735,1.824,3.306,0.161,0.025,"2","none","thin ",143.61,"HD190524",301.45291,-15.75622
355,"HD190613",5776.0,4.29,0.0,8.582,1.435,2.027,3.508,0.088,0.024,"2","none","thin ",121.95,"HD190613",301.59955,-14.91213
412,"HD198075",5846.0,4.5,-0.24,4.041,2.949,1.848,3.26,0.004,0.036,"2","none","thin ",223.11,"HD198075",312.06329,-12.4543
662,"HD206116",6231.0,4.4,0.24,1.013,0.72,3.684,4.76,-0.104,0.042,"2","none","thin ",78.72,"HD206116",325.04935,-9.79471
380,"HD197197",5812.0,4.15,-0.46,10.121,0.352,0.859,3.874,0.051,0.034,"2","none","thick",486.02,"HD197197",310.6549,-13.09481
98,"HD196397",5378.0,4.39,0.29,4.605,3.969,1.535,2.699,-0.031,0.08,"2","none","thin ",200.0,"HD196397",309.35648,-11.87106
607,"HD197536",6105.0,4.27,-0.41,7.943,0.953,1.382,4.529,0.006,0.04,"2","none","thin ",203.82,"HD197536",311.15443,-10.49477
259,"HD195564",5676.0,4.01,0.06,7.432,0.297,0.87,3.855,-0.034,0.022,"2","none","thin ",635.57,"HD195564",308.09873,-9.85339
625,"HD199086",6149.0,4.51,0.18,0.937,0.758,3.979,4.214,-0.015,0.04,"2","none","thin ",117.94,"HD199086",313.76402,-7.17868
422,"HD200633",5853.0,4.45,0.05,2.461,1.977,2.368,3.379,-0.004,0.032,"2","none","thin ",83.1,"HD200633",316.18395,-4.8289
521,"HD199960",5973.0,4.3,0.28,2.885,0.9,2.57,4.024,-0.043,0.032,"2","none","thin ",363.55,"HD199960",315.141,-4.73026
188,"HD197210",5577.0,4.43,-0.03,3.692,3.204,0.84,2.844,-0.066,0.037,"2","none","thin ",368.92,"HD197210",310.62254,-5.30124
